Station_Station,Ag District_Ag District,Last Updated_Last Updated,Current_Air Temp,Current_Wind Dir,Current_Wind Speed,Current_Peak Gust,Current_Rel Hum,Current_Dew Point Temp,Current_Est. Wet-bulb Temp,Current_Est. ΔT,Current_Inversion 9/1.5 m,Current_Inversion 3/0.5 m,Current_Bare Soil Temp,Current_Turf Soil Temp,Current_Solar Rad,Current_Sea-level Baro Press,Yest's Total Rain_Yest's Total Rain,Today's Total Rain_Today's Total Rain,Last Hour's Total Rain_Last Hour's Total Rain,Today's Max Air Temp_Today's Max Air Temp,Today's Min Air Temp_Today's Min Air Temp,Today's Peak Gust_Today's Peak Gust,Fetched_At_UTC
Ada 1N,MN-NW,01 Oct 10:30 CDT,54°,NW,15 mph,20 mph,55 %,38°,46°,8°,---,-1°,55°,56°,454 W/m²,---,"0.00""","0.00""","0.00""",54° (10:30),41° (07:24),22 mph (10:15),2026-10-01T15:31:55.609339
Adams 5N,ND-NE,01 Oct 10:30 CDT,49°,NW,18 mph,27 mph,60 %,36°,42°,6°,0°,-1°,49°,54°,428 W/m²,1019.3 mb,"0.00""","0.00""","0.00""",49° (10:30),41° (07:58),28 mph (10:20),2026-10-01T15:31:55.609339
Alamo 2S,ND-NW,01 Oct 10:30 CDT,45°,WNW,6 mph,9 mph,64 %,34°,40°,5°,---,-2°,44°,48°,384 W/m²,---,"0.00""","0.00""","0.00""",46° (10:30),30° (07:12),10 mph (10:18),2026-10-01T15:31:55.609339
Alexander 7SW,ND-WC,01 Oct 10:30 CDT,48°,NNW,2 mph,3 mph,51 %,30°,40°,8°,---,-2°,49°,51°,297 W/m²,---,"0.00""","0.00""","0.00""",48° (10:30),34° (08:02),9 mph (05:28),2026-10-01T15:31:55.609339
Alvarado 4N,MN-NW,01 Oct 10:30 CDT,52°,NW,21 mph,25 mph,62 %,40°,46°,6°,---,0°,52°,59°,433 W/m²,---,"0.00""","0.00""","0.00""",52° (10:30),41° (07:47),29 mph (10:16),2026-10-01T15:31:55.609339
Amidon 1NE,ND-SW,01 Oct 10:30 CDT,51°,NW,2 mph,6 mph,45 %,31°,42°,9°,-1°,-3°,53°,54°,386 W/m²,1028.2 mb,"0.00""","0.00""","0.00""",52° (10:30),37° (03:44),6 mph (10:23),2026-10-01T15:31:55.609339
Antelope Creek 8SE,ND-WC,01 Oct 10:30 CDT,50°,W,6 mph,7 mph,51 %,32°,42°,8°,---,-2°,50°,50°,266 W/m²,1026.0 mb,"0.00""","0.00""","0.00""",50° (10:27),33° (08:11),8 mph (09:15),2026-10-01T15:31:55.609339
Arnegard 9N,ND-WC,01 Oct 10:30 CDT,47°,WNW,4 mph,7 mph,51 %,30°,40°,8°,---,-2°,52°,54°,366 W/m²,---,"0.00""","0.00""","0.00""",47° (10:30),37° (07:36),7 mph (10:21),2026-10-01T15:31:55.609339
Ayr 1NW,ND-EC,01 Oct 10:30 CDT,54°,NW,16 mph,22 mph,50 %,36°,46°,9°,0°,-1°,53°,58°,453 W/m²,1020.4 mb,"0.00""","0.00""","0.00""",55° (10:19),41° (07:50),22 mph (10:26),2026-10-01T15:31:55.609339
Baker 1N,ND-NC,01 Oct 10:30 CDT,49°,WNW,7 mph,13 mph,57 %,35°,43°,7°,---,-3°,48°,54°,401 W/m²,1021.7 mb,"0.00""","0.00""","0.00""",50° (10:30),36° (07:18),18 mph (10:16),2026-10-01T15:31:55.609339
Balaton 5SW,MN-SW,01 Oct 10:30 CDT,56°,N,7 mph,12 mph,54 %,40°,48°,8°,0°,-1°,60°,63°,215 W/m²,1019.0 mb,"0.00""","0.00""","0.00""",65° (02:58),53° (08:19),19 mph (05:45),2026-10-01T15:31:55.609339
Banks 8SW,ND-WC,01 Oct 10:30 CDT,50°,NE,2 mph,4 mph,51 %,32°,42°,8°,---,-3°,47°,53°,365 W/m²,---,"0.00""","0.00""","0.00""",50° (10:30),30° (08:08),10 mph (02:43),2026-10-01T15:31:55.609339
Bantry 3SW,ND-NC,01 Oct 10:30 CDT,50°,WNW,11 mph,14 mph,61 %,37°,44°,6°,-1°,-1°,48°,52°,404 W/m²,1022.4 mb,"0.00""","0.00""","0.00""",50° (10:30),36° (05:57),14 mph (10:28),2026-10-01T15:31:55.609339
Battleview 8NE,ND-NW,01 Oct 10:30 CDT,47°,NW,9 mph,14 mph,55 %,32°,40°,7°,---,-2°,44°,50°,384 W/m²,---,"0.00""","0.00""","0.00""",47° (10:28),30° (04:25),17 mph (10:21),2026-10-01T15:31:55.609339
Beach 9S,ND-SW,01 Oct 10:30 CDT,52°,N,6 mph,7 mph,42 %,30°,42°,10°,-1°,-2°,51°,52°,278 W/m²,1028.3 mb,"0.00""","0.00""","0.00""",53° (10:19),39° (06:37),10 mph (02:47),2026-10-01T15:31:55.609339
Beardsley 5NE,MN-WC,01 Oct 10:30 CDT,61°,NNW,7 mph,15 mph,42 %,38°,49°,12°,0°,-2°,56°,60°,456 W/m²,1018.7 mb,"0.00""","0.00""","0.00""",62° (10:30),49° (07:53),20 mph (10:20),2026-10-01T15:31:55.609339
Becker 3S,MN-C,01 Oct 10:30 CDT,59°,NNW,7 mph,12 mph,51 %,42°,50°,9°,---,-1°,61°,62°,221 W/m²,---,"0.01""","0.00""","0.00""",64° (03:27),54° (08:15),15 mph (02:51),2026-10-01T15:31:55.609339
Benedict 4SE,ND-WC,01 Oct 10:30 CDT,52°,NW,12 mph,16 mph,50 %,34°,44°,9°,0°,-1°,49°,53°,412 W/m²,1023.6 mb,"0.00""","0.00""","0.00""",52° (10:29),35° (05:21),18 mph (10:20),2026-10-01T15:31:55.609339
Berthold 5NW,ND-NW,01 Oct 10:30 CDT,48°,WNW,14 mph,18 mph,55 %,33°,41°,7°,---,-2°,47°,51°,393 W/m²,1025.0 mb,"0.00""","0.00""","0.00""",49° (10:30),35° (07:45),18 mph (09:50),2026-10-01T15:31:55.609339
Big Bend 5NE,ND-NW,01 Oct 10:30 CDT,50°,WNW,11 mph,16 mph,54 %,34°,42°,8°,---,-2°,50°,55°,407 W/m²,---,"0.00""","0.00""","0.00""",50° (10:30),39° (04:42),17 mph (10:15),2026-10-01T15:31:55.609339
Bottineau 14W,ND-NC,01 Oct 10:30 CDT,50°,NW,14 mph,17 mph,59 %,36°,43°,7°,---,-2°,51°,53°,402 W/m²,1022.6 mb,"0.00""","0.00""","0.00""",50° (10:28),37° (07:34),17 mph (09:21),2026-10-01T15:31:55.609339
Bowbells 1N,ND-NW,01 Oct 10:30 CDT,46°,WNW,12 mph,17 mph,60 %,33°,40°,6°,---,-1°,45°,50°,413 W/m²,1024.9 mb,"0.00""","0.00""","0.00""",46° (10:30),33° (07:42),17 mph (10:04),2026-10-01T15:31:55.609339
Bowman 4W,ND-SW,01 Oct 10:30 CDT,53°,NNE,6 mph,10 mph,37 %,27°,41°,11°,-1°,-2°,55°,56°,258 W/m²,1028.9 mb,"0.00""","0.00""","0.00""",53° (10:27),44° (05:33),13 mph (02:00),2026-10-01T15:31:55.609339
Brampton 2WSW,ND-SE,01 Oct 10:30 CDT,57°,N,9 mph,14 mph,45 %,36°,46°,10°,---,-1°,56°,60°,477 W/m²,---,"0.00""","0.00""","0.00""",58° (01:00),43° (07:43),16 mph (10:13),2026-10-01T15:31:55.609339
Bremen 3E,ND-C,01 Oct 10:30 CDT,51°,NW,7 mph,16 mph,52 %,34°,43°,8°,0°,-1°,50°,54°,403 W/m²,1021.6 mb,"0.00""","0.00""","0.00""",52° (10:30),39° (07:53),19 mph (10:22),2026-10-01T15:31:55.609339
Brocket 1E,ND-NE,01 Oct 10:30 CDT,50°,NW,14 mph,23 mph,57 %,36°,43°,7°,-1°,-2°,52°,57°,414 W/m²,1020.0 mb,"0.00""","0.00""","0.00""",50° (10:30),41° (07:18),23 mph (10:22),2026-10-01T15:31:55.609339
Brorson 5NW,MT-NE,01 Oct 10:30 CDT,50°,E,6 mph,8 mph,49 %,31°,41°,8°,---,-2°,51°,53°,185 W/m²,---,"0.00""","0.00""","0.00""",53° (10:02),39° (03:52),11 mph (09:38),2026-10-01T15:31:55.609339
Buford 3SE,ND-NW,01 Oct 10:30 CDT,47°,SW,4 mph,6 mph,63 %,35°,41°,6°,-1°,-3°,51°,55°,376 W/m²,1025.6 mb,"0.00""","0.00""","0.00""",47° (10:30),36° (07:36),9 mph (04:51),2026-10-01T15:31:55.609339
Campbell 3SE,MN-WC,01 Oct 10:30 CDT,57°,NNW,16 mph,22 mph,51 %,39°,48°,9°,---,-1°,56°,59°,437 W/m²,---,"0.00""","0.00""","0.00""",58° (01:00),44° (07:40),22 mph (10:25),2026-10-01T15:31:55.609339
Cando 1W,ND-NE,01 Oct 10:30 CDT,48°,WNW,14 mph,20 mph,65 %,37°,43°,5°,---,-1°,49°,53°,455 W/m²,1020.6 mb,"0.00""","0.00""","0.00""",48° (10:30),38° (07:17),20 mph (10:29),2026-10-01T15:31:55.609339
Carrington 4N,ND-C,01 Oct 10:30 CDT,52°,NW,11 mph,16 mph,49 %,34°,44°,9°,0°,-1°,51°,56°,427 W/m²,1022.2 mb,"0.00""","0.00""","0.00""",53° (10:30),38° (08:00),19 mph (10:22),2026-10-01T15:31:55.609339
Carson 9ENE,ND-SC,01 Oct 10:30 CDT,53°,NW,8 mph,12 mph,45 %,32°,43°,10°,-1°,-2°,54°,55°,434 W/m²,1024.9 mb,"0.00""","0.00""","0.00""",53° (10:27),38° (07:27),13 mph (09:46),2026-10-01T15:31:55.609339
Casselton 1SW,ND-EC,01 Oct 10:30 CDT,57°,NW,15 mph,21 mph,48 %,37°,47°,10°,0°,-1°,57°,61°,457 W/m²,1019.6 mb,"0.00""","0.00""","0.00""",57° (10:28),44° (07:30),22 mph (10:18),2026-10-01T15:31:55.609339
Cavalier 4NNW,ND-NE,01 Oct 10:30 CDT,51°,WNW,17 mph,23 mph,56 %,36°,44°,7°,---,-1°,50°,57°,479 W/m²,1017.0 mb,"0.00""","0.00""","0.00""",52° (03:00),44° (07:40),28 mph (10:20),2026-10-01T15:31:55.609339
Cedar Lake 3W,ND-SW,01 Oct 10:30 CDT,53°,NNW,6 mph,9 mph,40 %,30°,42°,11°,0°,-1°,54°,54°,237 W/m²,1027.6 mb,"0.00""","0.00""","0.00""",53° (10:30),38° (07:27),11 mph (02:29),2026-10-01T15:31:55.609339
Center 5S,ND-WC,01 Oct 10:30 CDT,54°,NW,8 mph,13 mph,46 %,33°,44°,10°,-1°,-3°,52°,54°,394 W/m²,1024.2 mb,"0.00""","0.00""","0.00""",54° (10:30),33° (05:51),14 mph (10:09),2026-10-01T15:31:55.609339
Charbonneau 5NW,ND-WC,01 Oct 10:30 CDT,47°,W,3 mph,7 mph,53 %,31°,40°,7°,---,-2°,48°,53°,366 W/m²,---,"0.00""","0.00""","0.00""",47° (10:30),36° (08:27),10 mph (01:15),2026-10-01T15:31:55.609339
Clarissa 1SE,MN-C,01 Oct 10:30 CDT,56°,NNW,9 mph,15 mph,50 %,38°,47°,9°,---,0°,58°,58°,244 W/m²,---,"0.00""","0.00""","0.00""",59° (01:45),46° (07:22),19 mph (10:07),2026-10-01T15:31:55.609339
Clyde 4SW,ND-NE,01 Oct 10:30 CDT,---,NW,20 mph,24 mph,---,---,---,---,---,-1°,48°,53°,400 W/m²,---,"0.00""","0.00""","0.00""",---,---,27 mph (10:21),2026-10-01T15:31:55.609339
Cologne 4SE,MN-C,01 Oct 10:30 CDT,60°,N,9 mph,14 mph,51 %,42°,51°,10°,-1°,-1°,60°,61°,234 W/m²,1016.1 mb,"0.00""","0.00""","0.00""",63° (05:33),57° (08:19),15 mph (10:00),2026-10-01T15:31:55.609339
Columbus 12S,ND-NW,01 Oct 10:30 CDT,47°,NW,10 mph,14 mph,59 %,34°,41°,6°,-1°,-1°,44°,49°,397 W/m²,1025.9 mb,"0.01""","0.00""","0.00""",47° (10:30),35° (06:40),15 mph (10:19),2026-10-01T15:31:55.609339
Cooperstown 3W,ND-EC,01 Oct 10:30 CDT,51°,WNW,11 mph,16 mph,58 %,37°,44°,7°,0°,-2°,49°,55°,424 W/m²,1020.7 mb,"0.00""","0.00""","0.00""",51° (10:30),41° (07:42),19 mph (10:22),2026-10-01T15:31:55.609339
Cottonwood S,MN-SW,01 Oct 10:30 CDT,57°,NNW,4 mph,8 mph,60 %,43°,50°,7°,0°,-1°,60°,63°,221 W/m²,1018.7 mb,"0.00""","0.00""","0.00""",65° (02:21),54° (08:23),17 mph (05:59),2026-10-01T15:31:55.609339
Courtenay 5W,ND-C,01 Oct 10:30 CDT,51°,WNW,14 mph,19 mph,55 %,36°,44°,7°,0°,-1°,50°,57°,429 W/m²,1021.6 mb,"0.00""","0.00""","0.00""",51° (10:30),39° (07:26),23 mph (10:18),2026-10-01T15:31:55.609339
Crane Creek 1E,ND-NW,01 Oct 10:30 CDT,49°,WNW,10 mph,14 mph,52 %,32°,41°,8°,---,-1°,49°,50°,437 W/m²,1025.6 mb,"0.00""","0.00""","0.00""",49° (10:27),36° (04:26),15 mph (09:00),2026-10-01T15:31:55.609339
Crary 1E,ND-NE,01 Oct 10:30 CDT,51°,WNW,19 mph,25 mph,55 %,36°,44°,7°,---,-1°,49°,54°,441 W/m²,---,"0.00""","0.00""","0.00""",51° (10:29),41° (07:44),25 mph (10:29),2026-10-01T15:31:55.609339
Croff 3E,ND-WC,01 Oct 10:30 CDT,48°,WNW,9 mph,12 mph,57 %,33°,41°,7°,---,-1°,47°,53°,319 W/m²,1026.2 mb,"0.00""","0.00""","0.00""",48° (10:28),31° (07:55),14 mph (10:13),2026-10-01T15:31:55.609339
Crookston 3N,MN-NW,01 Oct 10:30 CDT,53°,NW,13 mph,18 mph,60 %,39°,46°,7°,-1°,-1°,52°,58°,411 W/m²,1019.3 mb,"0.00""","0.00""","0.00""",53° (10:29),44° (03:04),18 mph (10:29),2026-10-01T15:31:55.609339
Crosby 7S,ND-NW,01 Oct 10:30 CDT,49°,NW,7 mph,10 mph,52 %,32°,41°,8°,---,-1°,46°,52°,400 W/m²,---,"0.01""","0.00""","0.00""",49° (10:30),32° (07:46),14 mph (01:13),2026-10-01T15:31:55.609339
Crystal 4NW,ND-NE,01 Oct 10:30 CDT,52°,NW,18 mph,26 mph,60 %,39°,45°,7°,---,-2°,49°,56°,460 W/m²,---,"0.00""","0.00""","0.00""",52° (10:27),45° (03:13),29 mph (10:19),2026-10-01T15:31:55.609339
Dagmar 7WSW,MT-NE,01 Oct 10:30 CDT,48°,NW,5 mph,7 mph,54 %,32°,41°,7°,-1°,-4°,44°,48°,356 W/m²,1026.1 mb,"0.02""","0.00""","0.00""",48° (10:30),28° (07:37),8 mph (03:53),2026-10-01T15:31:55.609339
Davis Dam 2NW,ND-SW,01 Oct 10:30 CDT,52°,SW,1 mph,4 mph,42 %,30°,42°,10°,-1°,-2°,52°,55°,416 W/m²,1028.1 mb,"0.00""","0.00""","0.00""",52° (10:29),41° (05:04),8 mph (03:31),2026-10-01T15:31:55.609339
Dazey 2E,ND-EC,01 Oct 10:30 CDT,53°,WNW,16 mph,23 mph,51 %,35°,45°,8°,---,-1°,53°,57°,437 W/m²,1022.2 mb,"0.00""","0.00""","0.00""",53° (10:30),42° (07:45),25 mph (10:16),2026-10-01T15:31:55.609339
Delhi 4SW,MN-SW,01 Oct 10:30 CDT,58°,NNW,10 mph,13 mph,55 %,42°,49°,8°,0°,0°,59°,63°,191 W/m²,1018.5 mb,"0.01""","0.00""","0.00""",64° (02:52),55° (08:15),16 mph (06:34),2026-10-01T15:31:55.609339
Denhoff 1NE,ND-C,01 Oct 10:30 CDT,52°,NW,12 mph,16 mph,47 %,32°,43°,9°,-1°,-2°,48°,54°,408 W/m²,1023.4 mb,"0.00""","0.00""","0.00""",52° (10:28),39° (07:21),17 mph (09:49),2026-10-01T15:31:55.609339
Dickinson 1NW,ND-SW,01 Oct 10:30 CDT,52°,NNW,6 mph,10 mph,50 %,33°,43°,9°,0°,-2°,52°,54°,378 W/m²,1026.8 mb,"0.00""","0.00""","0.00""",52° (10:30),38° (08:13),10 mph (10:24),2026-10-01T15:31:55.609339
Dooley 3S,MT-NE,01 Oct 10:30 CDT,49°,WNW,9 mph,12 mph,46 %,29°,40°,9°,-1°,-3°,47°,49°,361 W/m²,1027.2 mb,"0.01""","0.00""","0.00""",49° (10:30),33° (05:03),13 mph (03:12),2026-10-01T15:31:55.609339
Dry Fork 1SE,ND-NW,01 Oct 10:30 CDT,47°,NW,8 mph,11 mph,57 %,33°,41°,7°,-1°,-2°,45°,46°,225 W/m²,1025.6 mb,"0.00""","0.00""","0.00""",48° (10:30),33° (07:18),12 mph (10:02),2026-10-01T15:31:55.609339
Dublin 2SW,ND-NW,01 Oct 10:30 CDT,46°,WNW,3 mph,4 mph,57 %,32°,39°,6°,---,-2°,47°,52°,368 W/m²,---,"0.00""","0.00""","0.00""",46° (10:30),28° (06:48),8 mph (02:25),2026-10-01T15:31:55.609339
Dunn 1SW,ND-WC,01 Oct 10:30 CDT,52°,W,5 mph,7 mph,51 %,35°,44°,9°,---,-3°,48°,55°,389 W/m²,---,"0.00""","0.00""","0.00""",53° (10:30),37° (07:47),8 mph (06:16),2026-10-01T15:31:55.609339
Edgeley 4SW,ND-SE,01 Oct 10:30 CDT,56°,NNW,10 mph,16 mph,44 %,34°,45°,10°,0°,-1°,51°,56°,442 W/m²,1022.4 mb,"0.00""","0.00""","0.00""",56° (10:30),43° (07:52),18 mph (10:18),2026-10-01T15:31:55.609339
Edmore 3NW,ND-NE,01 Oct 10:30 CDT,50°,NW,13 mph,22 mph,59 %,36°,43°,7°,---,-3°,50°,52°,460 W/m²,---,"0.00""","0.00""","0.00""",50° (10:26),39° (07:19),24 mph (10:20),2026-10-01T15:31:55.609339
Ekre,ND-SE,01 Oct 10:30 CDT,57°,NW,12 mph,19 mph,40 %,33°,46°,11°,---,-1°,54°,59°,448 W/m²,---,"0.00""","0.00""","0.00""",58° (10:29),45° (07:44),18 mph (10:29),2026-10-01T15:31:55.609339
Elbow Lake 2S,MN-WC,01 Oct 10:30 CDT,57°,NNW,9 mph,16 mph,51 %,39°,48°,9°,-1°,-2°,55°,60°,465 W/m²,1018.6 mb,"0.00""","0.00""","0.00""",59° (01:00),45° (07:22),16 mph (10:27),2026-10-01T15:31:55.609339
Eldred 2W,MN-NW,01 Oct 10:30 CDT,53°,NW,12 mph,20 mph,56 %,38°,46°,8°,---,-1°,54°,57°,438 W/m²,---,"0.00""","0.00""","0.00""",53° (10:30),44° (07:09),24 mph (09:58),2026-10-01T15:31:55.609339
Elgin 10NW,ND-SC,01 Oct 10:30 CDT,53°,NW,9 mph,12 mph,42 %,31°,43°,10°,-1°,-2°,52°,54°,361 W/m²,1025.9 mb,"0.00""","0.00""","0.00""",54° (10:30),38° (07:34),14 mph (05:37),2026-10-01T15:31:55.609339
Elkton 5S,MN-SE,01 Oct 10:30 CDT,64°,N,10 mph,16 mph,93 %,62°,63°,1°,0°,-1°,63°,62°,46 W/m²,1013.5 mb,"0.01""","0.12""","0.00""",68° (01:00),61° (07:37),16 mph (10:27),2026-10-01T15:31:55.609339
Ellendale 4NE,ND-SE,01 Oct 10:30 CDT,57°,NNW,12 mph,16 mph,46 %,36°,47°,10°,-1°,-1°,53°,58°,440 W/m²,1021.7 mb,"0.00""","0.00""","0.00""",57° (01:00),40° (07:46),16 mph (10:20),2026-10-01T15:31:55.609339
Emerado 2E,ND-NE,01 Oct 10:30 CDT,55°,NW,12 mph,20 mph,48 %,36°,46°,9°,-1°,-1°,55°,52°,427 W/m²,1018.7 mb,"0.00""","0.00""","0.00""",55° (10:21),43° (07:49),20 mph (10:24),2026-10-01T15:31:55.609339
Epping 2SE,ND-NW,01 Oct 10:30 CDT,45°,WNW,5 mph,8 mph,61 %,32°,39°,6°,---,-1°,45°,47°,429 W/m²,1026.6 mb,"0.00""","0.00""","0.00""",45° (10:29),23° (07:36),8 mph (10:15),2026-10-01T15:31:55.609339
Eyota 1SE,MN-SE,01 Oct 10:30 CDT,63°,NNW,11 mph,16 mph,93 %,61°,61°,1°,0°,-1°,62°,62°,163 W/m²,1013.8 mb,"0.00""","0.13""","0.00""",67° (02:01),62° (10:30),18 mph (10:16),2026-10-01T15:31:55.609339
Fairfax 5NE,MN-SC,01 Oct 10:30 CDT,59°,N,8 mph,14 mph,52 %,42°,50°,9°,0°,0°,60°,62°,191 W/m²,1017.3 mb,"0.00""","0.00""","0.00""",63° (04:35),55° (07:43),14 mph (10:27),2026-10-01T15:31:55.609339
Fairfield 2W,ND-SW,01 Oct 10:30 CDT,50°,W,5 mph,9 mph,49 %,32°,42°,9°,-1°,-2°,51°,51°,331 W/m²,1027.4 mb,"0.00""","0.00""","0.00""",51° (10:29),30° (07:57),9 mph (10:27),2026-10-01T15:31:55.609339
Fargo NW,ND-EC,01 Oct 10:30 CDT,56°,NW,12 mph,16 mph,48 %,37°,47°,10°,0°,-1°,53°,59°,451 W/m²,1019.6 mb,"0.00""","0.00""","0.00""",56° (10:27),44° (08:08),16 mph (10:28),2026-10-01T15:31:55.609339
Fayette 3W,ND-WC,01 Oct 10:30 CDT,50°,WNW,5 mph,6 mph,51 %,33°,42°,8°,---,-3°,48°,53°,402 W/m²,---,"0.00""","0.00""","0.00""",50° (10:30),36° (07:51),11 mph (10:12),2026-10-01T15:31:55.609339
Fertile 4N,MN-NW,01 Oct 10:30 CDT,53°,NW,12 mph,19 mph,56 %,38°,45°,7°,-1°,-1°,53°,56°,427 W/m²,1018.6 mb,"0.00""","0.00""","0.00""",53° (10:30),41° (07:01),19 mph (10:29),2026-10-01T15:31:55.609339
Fingal 4W,ND-EC,01 Oct 10:30 CDT,55°,NW,9 mph,14 mph,46 %,35°,45°,10°,---,-1°,53°,58°,472 W/m²,1021.3 mb,"0.00""","0.00""","0.00""",55° (10:29),43° (06:48),18 mph (09:53),2026-10-01T15:31:55.609339
Finley 1NNW,ND-EC,01 Oct 10:30 CDT,52°,NW,12 mph,20 mph,59 %,38°,45°,7°,---,-2°,49°,56°,440 W/m²,---,"0.00""","0.00""","0.00""",52° (10:30),40° (05:49),20 mph (10:12),2026-10-01T15:31:55.609339
Forest River 7WNW,ND-NE,01 Oct 10:30 CDT,54°,WNW,15 mph,23 mph,50 %,36°,45°,9°,---,-1°,50°,56°,470 W/m²,1017.0 mb,"0.00""","0.00""","0.00""",54° (10:29),42° (07:27),24 mph (09:23),2026-10-01T15:31:55.609339
Fort Yates 2W,ND-SC,01 Oct 10:30 CDT,55°,N,6 mph,10 mph,49 %,36°,45°,9°,---,-1°,54°,58°,457 W/m²,1024.3 mb,"0.00""","0.00""","0.00""",55° (10:30),38° (07:51),13 mph (01:37),2026-10-01T15:31:55.609339
Fortuna 4N,ND-NW,01 Oct 10:30 CDT,45°,WNW,1 mph,5 mph,61 %,32°,39°,6°,0°,-2°,46°,49°,358 W/m²,1026.7 mb,"0.00""","0.00""","0.00""",45° (10:30),32° (06:28),9 mph (04:05),2026-10-01T15:31:55.609339
Fosston 6SW,MN-NW,01 Oct 10:30 CDT,52°,WNW,15 mph,19 mph,60 %,38°,45°,7°,-1°,-1°,54°,57°,445 W/m²,1018.5 mb,"0.00""","0.00""","0.00""",52° (10:28),41° (07:36),21 mph (10:17),2026-10-01T15:31:55.609339
Fountain 3W,MN-SE,01 Oct 10:30 CDT,66°,NNW,4 mph,7 mph,94 %,65°,65°,1°,0°,0°,65°,62°,87 W/m²,1012.6 mb,"0.00""","0.09""","0.00""",68° (01:55),62° (07:20),8 mph (10:09),2026-10-01T15:31:55.609339
Four Bears 5NW,ND-WC,01 Oct 10:30 CDT,50°,WNW,6 mph,12 mph,55 %,34°,42°,7°,---,-2°,48°,52°,391 W/m²,---,"0.00""","0.00""","0.00""",50° (10:27),30° (07:49),12 mph (10:27),2026-10-01T15:31:55.609339
Fox 4NE,MN-NW,01 Oct 10:30 CDT,49°,NW,17 mph,26 mph,60 %,36°,43°,6°,---,-1°,51°,52°,441 W/m²,1015.9 mb,"0.00""","0.00""","0.00""",49° (10:30),41° (06:50),30 mph (10:18),2026-10-01T15:31:55.609339
Foxhome 4E,MN-WC,01 Oct 10:30 CDT,56°,NNW,11 mph,16 mph,51 %,38°,47°,9°,-1°,-2°,53°,59°,450 W/m²,1019.6 mb,"0.00""","0.00""","0.00""",57° (01:00),42° (07:16),16 mph (10:24),2026-10-01T15:31:55.609339
Froid 5S,MT-NE,01 Oct 10:30 CDT,50°,NNW,4 mph,7 mph,42 %,28°,41°,10°,-1°,-3°,50°,48°,375 W/m²,1025.8 mb,"0.00""","0.00""","0.00""",51° (10:29),29° (07:21),11 mph (05:20),2026-10-01T15:31:55.609339
Galesburg 4SSW,ND-EC,01 Oct 10:30 CDT,56°,NW,15 mph,21 mph,46 %,35°,46°,10°,---,-1°,50°,57°,454 W/m²,---,"0.00""","0.00""","0.00""",56° (10:30),41° (07:33),21 mph (10:28),2026-10-01T15:31:55.609339
Gardner 2SSW,ND-EC,01 Oct 10:30 CDT,57°,WNW,12 mph,16 mph,43 %,35°,46°,11°,---,-2°,54°,59°,488 W/m²,---,"0.00""","0.00""","0.00""",57° (10:19),45° (07:56),20 mph (10:18),2026-10-01T15:31:55.609339
Garrison 13NW,ND-WC,01 Oct 10:30 CDT,51°,WNW,9 mph,12 mph,56 %,36°,43°,7°,-2°,-3°,49°,52°,386 W/m²,1025.1 mb,"0.00""","0.00""","0.00""",51° (10:26),38° (06:22),14 mph (09:08),2026-10-01T15:31:55.609339
Gatzke 5SE,MN-NW,01 Oct 10:30 CDT,50°,NW,15 mph,20 mph,55 %,35°,43°,7°,1°,4°,52°,51°,482 W/m²,1016.8 mb,"0.00""","0.00""","0.00""",50° (10:26),44° (06:21),25 mph (09:54),2026-10-01T15:31:55.609339
Geneva 3W,MN-SC,01 Oct 10:30 CDT,59°,N,6 mph,13 mph,72 %,50°,54°,5°,0°,0°,63°,64°,165 W/m²,1014.6 mb,"0.00""","0.10""","0.00""",66° (04:05),59° (09:54),17 mph (09:16),2026-10-01T15:31:55.609339
Genoa 3S,ND-NC,01 Oct 10:30 CDT,50°,NW,10 mph,13 mph,53 %,33°,42°,8°,---,-1°,50°,52°,403 W/m²,---,"0.00""","0.00""","0.00""",50° (10:26),36° (06:54),16 mph (10:04),2026-10-01T15:31:55.609339
Gluek 5W,MN-WC,01 Oct 10:30 CDT,60°,NNW,8 mph,13 mph,52 %,42°,50°,9°,-1°,-1°,61°,61°,280 W/m²,1018.5 mb,"0.01""","0.00""","0.00""",64° (01:16),52° (07:47),14 mph (10:23),2026-10-01T15:31:55.609339
Glyndon 1SE,MN-NW,01 Oct 10:30 CDT,57°,NW,9 mph,17 mph,46 %,36°,47°,10°,---,-1°,54°,59°,460 W/m²,---,"0.01""","0.00""","0.00""",57° (10:30),42° (05:38),18 mph (10:25),2026-10-01T15:31:55.609339
Godahl 1N,MN-SC,01 Oct 10:30 CDT,59°,N,8 mph,14 mph,58 %,44°,51°,8°,0°,0°,62°,63°,176 W/m²,1017.1 mb,"0.00""","0.00""","0.00""",65° (04:21),58° (08:23),19 mph (09:32),2026-10-01T15:31:55.609339
Grafton 10E,ND-NE,01 Oct 10:30 CDT,53°,NW,16 mph,23 mph,57 %,38°,45°,7°,---,-2°,53°,58°,397 W/m²,---,"0.00""","0.00""","0.00""",53° (10:27),41° (05:23),23 mph (09:52),2026-10-01T15:31:55.609339
Grand Forks 3S,ND-NE,01 Oct 10:30 CDT,53°,NW,8 mph,17 mph,52 %,36°,45°,8°,---,-1°,52°,58°,468 W/m²,1018.6 mb,"0.00""","0.00""","0.00""",54° (10:30),43° (07:45),18 mph (09:47),2026-10-01T15:31:55.609339
Grassy Butte 2E,ND-WC,01 Oct 10:30 CDT,50°,WNW,6 mph,8 mph,47 %,30°,41°,9°,-2°,-2°,49°,52°,379 W/m²,1027.1 mb,"0.00""","0.00""","0.00""",50° (10:30),37° (08:24),9 mph (10:23),2026-10-01T15:31:55.609339
Greenbush 7W,MN-NW,01 Oct 10:30 CDT,50°,W,9 mph,18 mph,58 %,36°,43°,7°,---,-1°,49°,56°,452 W/m²,1016.7 mb,"0.00""","0.00""","0.00""",50° (10:30),41° (06:23),23 mph (09:54),2026-10-01T15:31:55.609339
Grenora 8N,ND-NW,01 Oct 10:30 CDT,45°,W,5 mph,7 mph,63 %,33°,40°,5°,-1°,-5°,47°,50°,347 W/m²,1026.6 mb,"0.02""","0.00""","0.00""",45° (10:30),29° (07:55),8 mph (06:17),2026-10-01T15:31:55.609339
Haley 3W,ND-SW,01 Oct 10:30 CDT,54°,NNW,3 mph,6 mph,41 %,31°,44°,11°,-1°,-2°,57°,56°,237 W/m²,1027.1 mb,"0.00""","0.00""","0.00""",55° (10:26),43° (07:42),14 mph (01:36),2026-10-01T15:31:55.609339
Halliday 4N,ND-WC,01 Oct 10:30 CDT,52°,NNW,7 mph,9 mph,43 %,31°,42°,10°,-1°,-3°,48°,53°,397 W/m²,1025.5 mb,"0.00""","0.00""","0.00""",52° (10:28),40° (07:19),10 mph (09:08),2026-10-01T15:31:55.609339
Hanks 4S,ND-NW,01 Oct 10:30 CDT,47°,WNW,8 mph,12 mph,54 %,31°,40°,7°,---,-3°,46°,49°,394 W/m²,---,"0.01""","0.00""","0.00""",47° (10:30),33° (07:49),12 mph (09:08),2026-10-01T15:31:55.609339
Harvey 3S,ND-C,01 Oct 10:30 CDT,51°,NW,9 mph,15 mph,53 %,35°,43°,8°,---,-1°,50°,53°,413 W/m²,1022.6 mb,"0.00""","0.00""","0.00""",52° (10:30),36° (07:16),18 mph (10:18),2026-10-01T15:31:55.609339
Hastings 4S,MN-SE,01 Oct 10:30 CDT,60°,N,14 mph,18 mph,52 %,43°,51°,9°,0°,-1°,63°,63°,243 W/m²,1015.2 mb,"0.00""","0.00""","0.00""",63° (06:37),57° (08:33),20 mph (08:18),2026-10-01T15:31:55.609339
Hawkeye 3NW,ND-WC,01 Oct 10:30 CDT,47°,WNW,6 mph,8 mph,56 %,32°,40°,7°,---,-4°,43°,50°,389 W/m²,---,"0.00""","0.00""","0.00""",47° (10:27),34° (05:40),9 mph (10:19),2026-10-01T15:31:55.609339
Hazen 2W,ND-WC,01 Oct 10:30 CDT,54°,NW,6 mph,8 mph,59 %,40°,47°,7°,-2°,-2°,49°,50°,416 W/m²,1024.0 mb,"0.00""","0.00""","0.00""",54° (10:30),30° (07:46),9 mph (10:19),2026-10-01T15:31:55.609339
Heaton 1S,ND-C,01 Oct 10:30 CDT,52°,NNW,15 mph,20 mph,49 %,34°,43°,9°,-1°,-1°,50°,53°,422 W/m²,1022.6 mb,"0.00""","0.00""","0.00""",52° (10:19),41° (07:44),20 mph (10:28),2026-10-01T15:31:55.609339
Hebron 7S,ND-SC,01 Oct 10:30 CDT,53°,NNW,9 mph,12 mph,38 %,28°,42°,11°,-1°,-2°,53°,55°,395 W/m²,1026.0 mb,"0.00""","0.00""","0.00""",53° (10:27),41° (07:12),14 mph (09:30),2026-10-01T15:31:55.609339
Herman 5W,MN-WC,01 Oct 10:30 CDT,59°,NNW,13 mph,19 mph,48 %,40°,49°,10°,-1°,-1°,56°,59°,475 W/m²,1018.9 mb,"0.00""","0.00""","0.00""",60° (10:27),46° (08:08),21 mph (09:36),2026-10-01T15:31:55.609339
Hettinger NW,ND-SW,01 Oct 10:30 CDT,54°,NNW,6 mph,8 mph,43 %,33°,44°,10°,-1°,-3°,53°,56°,447 W/m²,1027.3 mb,"0.00""","0.00""","0.00""",55° (10:30),39° (06:24),13 mph (01:00),2026-10-01T15:31:55.609339
Hillsboro 7SE,ND-EC,01 Oct 10:30 CDT,56°,NW,8 mph,15 mph,49 %,37°,47°,9°,---,0°,52°,58°,461 W/m²,1020.1 mb,"0.00""","0.00""","0.00""",56° (10:26),41° (03:36),15 mph (10:12),2026-10-01T15:31:55.609339
Hirschville 2NE,ND-WC,01 Oct 10:30 CDT,52°,NW,6 mph,9 mph,47 %,33°,43°,9°,---,-3°,52°,51°,396 W/m²,---,"0.00""","0.00""","0.00""",52° (10:30),36° (06:45),13 mph (09:38),2026-10-01T15:31:55.609339
Hofflund,ND-NW,01 Oct 10:30 CDT,46°,SSW,5 mph,7 mph,69 %,37°,41°,5°,-1°,-2°,50°,52°,365 W/m²,1025.8 mb,"0.00""","0.00""","0.00""",46° (10:30),35° (07:59),12 mph (05:25),2026-10-01T15:31:55.609339
Holloway 3W,MN-WC,01 Oct 10:30 CDT,60°,NNW,9 mph,14 mph,45 %,39°,50°,11°,---,-2°,55°,61°,410 W/m²,1019.2 mb,"0.01""","0.00""","0.00""",65° (01:17),51° (08:24),20 mph (04:19),2026-10-01T15:31:55.609339
Hope 5NE,ND-EC,01 Oct 10:30 CDT,55°,WNW,14 mph,19 mph,52 %,38°,46°,9°,---,-1°,50°,55°,423 W/m²,---,"0.00""","0.00""","0.00""",55° (10:27),40° (02:31),21 mph (10:16),2026-10-01T15:31:55.609339
Hubbard 1SE,MN-NC,01 Oct 10:30 CDT,54°,NW,12 mph,16 mph,53 %,38°,46°,8°,---,-2°,56°,58°,516 W/m²,---,"0.00""","0.00""","0.00""",58° (01:03),43° (06:37),18 mph (10:18),2026-10-01T15:31:55.609339
Humboldt 4SW,MN-NW,01 Oct 10:30 CDT,52°,WNW,16 mph,22 mph,56 %,37°,45°,7°,---,-1°,51°,57°,407 W/m²,---,"0.00""","0.00""","0.00""",52° (10:27),44° (03:41),26 mph (09:31),2026-10-01T15:31:55.609339
Hurdsfield NW,ND-C,01 Oct 10:30 CDT,51°,NW,12 mph,18 mph,51 %,34°,43°,8°,0°,-2°,50°,55°,403 W/m²,1023.2 mb,"0.00""","0.00""","0.00""",52° (10:24),41° (07:47),18 mph (10:13),2026-10-01T15:31:55.609339
Inkster 3W,ND-NE,01 Oct 10:30 CDT,53°,NW,9 mph,16 mph,52 %,36°,45°,8°,---,0°,52°,55°,463 W/m²,---,"0.00""","0.00""","0.00""",54° (10:30),44° (07:37),23 mph (09:33),2026-10-01T15:31:55.609339
Isanti 3E,MN-EC,01 Oct 10:30 CDT,60°,NNW,8 mph,11 mph,51 %,42°,51°,10°,-1°,-2°,59°,61°,456 W/m²,1016.0 mb,"0.00""","0.00""","0.00""",63° (03:13),53° (07:49),15 mph (06:42),2026-10-01T15:31:55.609339
Ivanhoe W,MN-SW,01 Oct 10:30 CDT,56°,NNE,10 mph,17 mph,53 %,39°,47°,9°,0°,-1°,60°,60°,315 W/m²,1019.7 mb,"0.00""","0.00""","0.00""",67° (01:54),53° (07:04),20 mph (05:01),2026-10-01T15:31:55.609339
Jamestown 10W,ND-C,01 Oct 10:30 CDT,55°,NNW,14 mph,21 mph,39 %,30°,44°,11°,-1°,-1°,52°,57°,430 W/m²,1022.8 mb,"0.00""","0.00""","0.00""",55° (10:24),43° (07:13),24 mph (10:02),2026-10-01T15:31:55.609339
Jud 1S,ND-SE,01 Oct 10:30 CDT,55°,N,8 mph,15 mph,46 %,34°,45°,10°,-1°,-2°,51°,56°,441 W/m²,1022.6 mb,"0.00""","0.00""","0.00""",55° (10:12),43° (08:03),16 mph (09:59),2026-10-01T15:31:55.609339
Karlsruhe 2N,ND-NC,01 Oct 10:30 CDT,50°,WNW,11 mph,15 mph,55 %,34°,42°,7°,---,-1°,50°,52°,381 W/m²,1023.5 mb,"0.00""","0.00""","0.00""",50° (10:30),38° (06:33),18 mph (10:16),2026-10-01T15:31:55.609339
Keene 5SW,ND-WC,01 Oct 10:30 CDT,47°,WNW,7 mph,9 mph,56 %,32°,40°,7°,-1°,-2°,49°,50°,372 W/m²,1027.0 mb,"0.00""","0.00""","0.00""",47° (10:30),36° (07:41),10 mph (09:21),2026-10-01T15:31:55.609339
Kempton 6SE,ND-NE,01 Oct 10:30 CDT,54°,WNW,14 mph,20 mph,48 %,35°,45°,9°,---,-2°,54°,55°,423 W/m²,---,"0.00""","0.00""","0.00""",54° (10:30),40° (07:42),21 mph (10:20),2026-10-01T15:31:55.609339
Kennedy 6W,MN-NW,01 Oct 10:30 CDT,52°,NW,21 mph,29 mph,54 %,36°,44°,8°,---,-1°,52°,56°,436 W/m²,1017.6 mb,"0.00""","0.00""","0.00""",52° (10:25),38° (04:20),34 mph (09:53),2026-10-01T15:31:55.609339
Kenyon 2NE,MN-SE,01 Oct 10:30 CDT,59°,N,6 mph,14 mph,58 %,44°,51°,8°,0°,-1°,62°,63°,196 W/m²,1015.6 mb,"0.00""","0.02""","0.00""",65° (07:50),59° (09:04),16 mph (08:52),2026-10-01T15:31:55.609339
Kintyre 3S,ND-SC,01 Oct 10:30 CDT,52°,W,4 mph,8 mph,59 %,38°,45°,7°,-1°,-3°,51°,56°,427 W/m²,1024.0 mb,"0.00""","0.00""","0.00""",52° (10:28),34° (07:23),10 mph (09:46),2026-10-01T15:31:55.609339
Lake Benton 2E,MN-SW,01 Oct 10:30 CDT,56°,NNE,12 mph,17 mph,55 %,40°,48°,8°,0°,0°,58°,59°,254 W/m²,1019.7 mb,"0.00""","0.00""","0.00""",67° (02:08),52° (07:31),23 mph (06:20),2026-10-01T15:31:55.609339
Lamberton 2W,MN-SW,01 Oct 10:30 CDT,58°,N,7 mph,11 mph,52 %,41°,49°,9°,0°,0°,60°,64°,166 W/m²,1017.5 mb,"0.00""","0.00""","0.00""",66° (03:22),56° (08:28),17 mph (08:37),2026-10-01T15:31:55.609339
Langdon 1E,ND-NE,01 Oct 10:30 CDT,48°,WNW,13 mph,22 mph,60 %,35°,42°,6°,-1°,-1°,49°,52°,402 W/m²,1020.2 mb,"0.00""","0.00""","0.00""",48° (10:30),41° (07:31),23 mph (10:07),2026-10-01T15:31:55.609339
Lefor 10SE,ND-SW,01 Oct 10:30 CDT,53°,NW,7 mph,11 mph,43 %,31°,43°,10°,-1°,-2°,52°,54°,417 W/m²,1026.4 mb,"0.00""","0.00""","0.00""",54° (10:30),38° (07:36),11 mph (03:36),2026-10-01T15:31:55.609339
Leonard 5N,ND-EC,01 Oct 10:30 CDT,59°,NNW,12 mph,18 mph,38 %,33°,47°,12°,---,-2°,54°,58°,472 W/m²,---,"0.00""","0.00""","0.00""",60° (10:29),44° (07:45),20 mph (10:25),2026-10-01T15:31:55.609339
Leota 2SW,MN-SW,01 Oct 10:30 CDT,56°,NNE,11 mph,18 mph,53 %,39°,48°,9°,0°,0°,56°,61°,167 W/m²,1018.4 mb,"0.00""","0.00""","0.00""",64° (03:43),54° (08:39),25 mph (09:01),2026-10-01T15:31:55.609339
Liberty 5E,ND-NW,01 Oct 10:30 CDT,49°,NW,9 mph,12 mph,64 %,38°,44°,6°,-1°,-1°,49°,53°,391 W/m²,1024.6 mb,"0.00""","0.00""","0.00""",50° (10:30),36° (08:06),14 mph (10:23),2026-10-01T15:31:55.609339
Linton 5NW,ND-SC,01 Oct 10:30 CDT,52°,NW,5 mph,8 mph,52 %,35°,44°,8°,0°,-2°,52°,57°,424 W/m²,1024.4 mb,"0.00""","0.00""","0.00""",52° (10:30),39° (07:15),11 mph (10:20),2026-10-01T15:31:55.609339
Lisbon 2W,ND-SE,01 Oct 10:30 CDT,56°,NNW,12 mph,17 mph,44 %,35°,46°,10°,---,-1°,55°,58°,437 W/m²,---,"0.00""","0.00""","0.00""",56° (10:30),44° (07:42),18 mph (10:18),2026-10-01T15:31:55.609339
Little Falls 6SE,MN-C,01 Oct 10:30 CDT,57°,NW,7 mph,10 mph,56 %,41°,49°,8°,---,-1°,56°,59°,504 W/m²,---,"0.01""","0.00""","0.00""",60° (02:15),50° (08:03),13 mph (02:17),2026-10-01T15:31:55.609339
Little Missouri,ND-WC,01 Oct 10:30 CDT,49°,NW,6 mph,8 mph,51 %,32°,41°,8°,-1°,-2°,50°,53°,409 W/m²,1026.1 mb,"0.00""","0.00""","0.00""",49° (01:16),41° (08:13),14 mph (06:34),2026-10-01T15:31:55.609339
Livona 5S,ND-SC,01 Oct 10:30 CDT,52°,N,4 mph,7 mph,58 %,38°,45°,7°,-1°,-2°,51°,55°,425 W/m²,1024.0 mb,"0.00""","0.00""","0.00""",53° (10:30),37° (07:00),7 mph (10:28),2026-10-01T15:31:55.609339
Logan Center 2E,ND-NE,01 Oct 10:30 CDT,53°,WNW,20 mph,25 mph,52 %,36°,45°,8°,0°,-1°,52°,57°,409 W/m²,1019.3 mb,"0.00""","0.00""","0.00""",53° (10:29),40° (07:12),28 mph (10:03),2026-10-01T15:31:55.609339
Luverne 6S,MN-SW,01 Oct 10:30 CDT,58°,NNE,17 mph,25 mph,50 %,39°,48°,9°,0°,0°,60°,63°,190 W/m²,1017.3 mb,"0.00""","0.00""","0.00""",64° (05:38),56° (08:48),26 mph (09:48),2026-10-01T15:31:55.609339
Mabel 3E,MN-SE,01 Oct 10:30 CDT,67°,NNW,0 mph,2 mph,97 %,66°,66°,1°,0°,0°,65°,64°,127 W/m²,1012.7 mb,"0.06""","0.20""","0.00""",67° (01:01),65° (07:33),6 mph (04:51),2026-10-01T15:31:55.609339
Maddock 2N,ND-NC,01 Oct 10:30 CDT,52°,WNW,13 mph,20 mph,51 %,34°,43°,8°,-1°,-1°,52°,54°,426 W/m²,1021.9 mb,"0.00""","0.00""","0.00""",52° (10:26),36° (08:02),20 mph (10:25),2026-10-01T15:31:55.609339
Madison 5SW,MN-WC,01 Oct 10:30 CDT,60°,NNW,6 mph,11 mph,54 %,43°,51°,9°,-1°,-2°,59°,62°,380 W/m²,1019.2 mb,"0.00""","0.00""","0.00""",65° (01:20),52° (08:07),15 mph (02:31),2026-10-01T15:31:55.609339
Mandan 4S,ND-SC,01 Oct 10:30 CDT,54°,NW,7 mph,11 mph,51 %,36°,45°,9°,-1°,-2°,49°,55°,403 W/m²,1024.7 mb,"0.00""","0.00""","0.00""",54° (10:30),36° (07:51),11 mph (09:57),2026-10-01T15:31:55.609339
Manning 4SW,ND-WC,01 Oct 10:30 CDT,52°,NW,8 mph,11 mph,42 %,30°,42°,10°,-1°,-2°,52°,52°,376 W/m²,1026.4 mb,"0.00""","0.00""","0.00""",52° (10:30),40° (06:04),15 mph (08:01),2026-10-01T15:31:55.609339
Marion 2S,ND-SE,01 Oct 10:30 CDT,57°,NNW,7 mph,15 mph,39 %,32°,45°,12°,-1°,-1°,54°,57°,441 W/m²,1022.0 mb,"0.00""","0.00""","0.00""",57° (10:30),39° (07:23),15 mph (10:25),2026-10-01T15:31:55.609339
Marmarth 2N,ND-SW,01 Oct 10:30 CDT,51°,NE,2 mph,3 mph,48 %,32°,42°,9°,0°,-1°,52°,54°,192 W/m²,1028.5 mb,"0.00""","0.00""","0.00""",52° (10:10),41° (07:31),8 mph (01:15),2026-10-01T15:31:55.609339
Marshall 5N,ND-WC,01 Oct 10:30 CDT,53°,NW,5 mph,8 mph,50 %,34°,44°,9°,-1°,-3°,49°,52°,370 W/m²,1025.8 mb,"0.00""","0.00""","0.00""",53° (10:30),32° (07:15),9 mph (09:46),2026-10-01T15:31:55.609339
Mavie 3WSW,MN-NW,01 Oct 10:30 CDT,52°,NW,11 mph,19 mph,53 %,35°,44°,8°,---,-1°,53°,57°,453 W/m²,---,"0.01""","0.00""","0.00""",52° (10:28),43° (03:36),21 mph (10:12),2026-10-01T15:31:55.609339
Max 3N,ND-NW,01 Oct 10:30 CDT,50°,NW,12 mph,15 mph,53 %,33°,42°,8°,0°,-1°,48°,54°,381 W/m²,1025.4 mb,"0.00""","0.00""","0.00""",50° (10:30),35° (07:20),17 mph (10:13),2026-10-01T15:31:55.609339
Maxbass 6SW,ND-NC,01 Oct 10:30 CDT,50°,W,10 mph,14 mph,57 %,36°,44°,7°,---,-1°,46°,49°,382 W/m²,1022.7 mb,"0.00""","0.00""","0.00""",51° (10:30),35° (07:36),14 mph (10:29),2026-10-01T15:31:55.609339
Mayville 2E,ND-EC,01 Oct 10:30 CDT,55°,WNW,13 mph,20 mph,48 %,36°,46°,9°,---,-1°,52°,57°,415 W/m²,1019.4 mb,"0.00""","0.00""","0.00""",55° (10:26),42° (05:16),20 mph (10:01),2026-10-01T15:31:55.609339
McHenry 8N,ND-C,01 Oct 10:30 CDT,51°,NW,21 mph,28 mph,52 %,34°,43°,8°,---,-1°,52°,55°,448 W/m²,---,"0.00""","0.00""","0.00""",52° (10:30),41° (07:38),28 mph (10:29),2026-10-01T15:31:55.609339
McKenzie 2E,ND-SC,01 Oct 10:30 CDT,53°,NNW,4 mph,7 mph,55 %,38°,46°,8°,-1°,-4°,47°,55°,415 W/m²,1023.6 mb,"0.00""","0.00""","0.00""",54° (10:29),33° (07:06),7 mph (10:19),2026-10-01T15:31:55.609339
Medicine Hole 9NW,ND-WC,01 Oct 10:30 CDT,46°,SW,3 mph,5 mph,56 %,31°,39°,7°,---,-2°,52°,54°,373 W/m²,---,"0.00""","0.00""","0.00""",47° (01:18),37° (07:49),6 mph (04:22),2026-10-01T15:31:55.609339
Michigan 2W,ND-NE,01 Oct 10:30 CDT,52°,WNW,16 mph,22 mph,53 %,35°,44°,8°,---,-1°,49°,55°,448 W/m²,---,"0.00""","0.00""","0.00""",52° (10:29),41° (06:36),28 mph (10:08),2026-10-01T15:31:55.609339
Milnor 1S,ND-SE,01 Oct 10:30 CDT,58°,NNW,10 mph,20 mph,42 %,35°,47°,11°,-1°,-2°,54°,60°,423 W/m²,1020.3 mb,"0.00""","0.00""","0.00""",59° (01:02),44° (05:52),20 mph (10:27),2026-10-01T15:31:55.609339
Minot 4S,ND-NW,01 Oct 10:30 CDT,49°,WNW,8 mph,13 mph,55 %,34°,42°,7°,0°,-1°,49°,54°,393 W/m²,1023.6 mb,"0.00""","0.00""","0.00""",49° (10:30),33° (06:28),16 mph (09:53),2026-10-01T15:31:55.609339
Mohall 1W,ND-NW,01 Oct 10:30 CDT,49°,NW,12 mph,17 mph,56 %,34°,42°,7°,---,-1°,51°,49°,400 W/m²,1023.0 mb,"0.00""","0.00""","0.00""",49° (10:30),37° (06:21),19 mph (10:17),2026-10-01T15:31:55.609339
Mooreton 3SW,ND-SE,01 Oct 10:30 CDT,59°,NNW,10 mph,16 mph,46 %,38°,48°,10°,-1°,-2°,57°,59°,440 W/m²,1020.0 mb,"0.00""","0.00""","0.00""",59° (10:30),45° (05:31),16 mph (10:15),2026-10-01T15:31:55.609339
Mora 2SW,MN-EC,01 Oct 10:30 CDT,62°,NNW,8 mph,13 mph,49 %,42°,51°,10°,-1°,-1°,59°,60°,552 W/m²,1015.8 mb,"0.01""","0.00""","0.00""",62° (10:30),52° (08:13),14 mph (05:29),2026-10-01T15:31:55.609339
Morris 1E,MN-WC,01 Oct 10:30 CDT,57°,NNW,7 mph,11 mph,60 %,43°,50°,7°,0°,-1°,59°,60°,462 W/m²,1018.8 mb,"0.00""","0.00""","0.00""",63° (01:02),49° (07:29),15 mph (04:13),2026-10-01T15:31:55.609339
Mosher 4NE,ND-SW,01 Oct 10:30 CDT,49°,WSW,7 mph,9 mph,54 %,33°,42°,7°,-1°,-2°,49°,51°,350 W/m²,1027.5 mb,"0.00""","0.00""","0.00""",49° (10:29),38° (08:35),11 mph (01:20),2026-10-01T15:31:55.609339
Mott 1N,ND-SW,01 Oct 10:30 CDT,53°,W,5 mph,8 mph,51 %,36°,45°,9°,-1°,-2°,52°,55°,400 W/m²,1026.6 mb,"0.00""","0.00""","0.00""",54° (10:30),35° (08:16),9 mph (10:20),2026-10-01T15:31:55.609339
Murdock,MN-WC,01 Oct 10:30 CDT,59°,NW,9 mph,12 mph,58 %,44°,51°,8°,-1°,-1°,58°,62°,363 W/m²,1018.5 mb,"0.01""","0.00""","0.00""",60° (03:47),52° (08:24),18 mph (05:36),2026-10-01T15:31:55.609339
Neudorf 10SW,ND-SE,01 Oct 10:30 CDT,52°,NNW,10 mph,17 mph,55 %,36°,44°,8°,-1°,-2°,51°,53°,414 W/m²,1023.5 mb,"0.00""","0.00""","0.00""",52° (10:30),37° (07:30),17 mph (10:27),2026-10-01T15:31:55.609339
New England 5W,ND-SW,01 Oct 10:30 CDT,52°,NNW,7 mph,9 mph,43 %,30°,42°,10°,-1°,-1°,53°,54°,189 W/m²,1027.6 mb,"0.00""","0.00""","0.00""",52° (10:30),39° (05:50),11 mph (10:01),2026-10-01T15:31:55.609339
New Hradec 6NW,ND-WC,01 Oct 10:30 CDT,51°,WSW,7 mph,8 mph,52 %,34°,43°,8°,---,-3°,46°,51°,393 W/m²,---,"0.00""","0.00""","0.00""",51° (10:29),28° (07:52),8 mph (10:23),2026-10-01T15:31:55.609339
New Salem 6SE,ND-SC,01 Oct 10:30 CDT,54°,NNW,10 mph,13 mph,44 %,32°,44°,10°,-1°,-2°,52°,55°,440 W/m²,1025.2 mb,"0.00""","0.00""","0.00""",54° (10:30),39° (06:06),13 mph (10:06),2026-10-01T15:31:55.609339
Niles 3SE,ND-NC,01 Oct 10:30 CDT,50°,WNW,14 mph,19 mph,59 %,36°,43°,7°,-1°,-1°,48°,53°,423 W/m²,1021.9 mb,"0.00""","0.00""","0.00""",50° (10:26),39° (07:42),20 mph (10:09),2026-10-01T15:31:55.609339
Noonan 9S,ND-NW,01 Oct 10:30 CDT,46°,NW,9 mph,12 mph,60 %,33°,40°,6°,-1°,-2°,46°,50°,350 W/m²,1026.9 mb,"0.00""","0.00""","0.00""",47° (10:30),32° (08:06),15 mph (09:54),2026-10-01T15:31:55.609339
Oakes 4S,ND-SE,01 Oct 10:30 CDT,56°,N,9 mph,14 mph,51 %,38°,47°,9°,0°,-1°,49°,57°,437 W/m²,1021.7 mb,"0.00""","0.00""","0.00""",58° (01:03),39° (07:36),16 mph (09:22),2026-10-01T15:31:55.609339
Ottertail 1SW,MN-WC,01 Oct 10:30 CDT,54°,NW,10 mph,16 mph,53 %,37°,46°,8°,---,-2°,56°,59°,444 W/m²,---,"0.00""","0.00""","0.00""",58° (01:05),49° (06:54),17 mph (09:55),2026-10-01T15:31:55.609339
Palermo 8N,ND-NW,01 Oct 10:30 CDT,46°,WNW,11 mph,16 mph,60 %,33°,40°,6°,---,-1°,42°,48°,421 W/m²,1025.0 mb,"0.00""","0.00""","0.00""",47° (10:30),30° (06:53),18 mph (10:11),2026-10-01T15:31:55.609339
Parkers Prairie 2NW,MN-WC,01 Oct 10:30 CDT,57°,NNW,17 mph,21 mph,51 %,39°,48°,9°,---,0°,56°,59°,506 W/m²,---,"0.00""","0.00""","0.00""",60° (01:09),46° (07:22),23 mph (10:24),2026-10-01T15:31:55.609339
Peace Garden,ND-NC,01 Oct 10:30 CDT,47°,NW,10 mph,18 mph,60 %,34°,41°,6°,0°,-1°,46°,53°,421 W/m²,1022.8 mb,"0.00""","0.00""","0.00""",48° (02:36),39° (06:40),20 mph (09:45),2026-10-01T15:31:55.609339
Pease 2S,MN-EC,01 Oct 10:30 CDT,61°,NNW,9 mph,15 mph,51 %,42°,51°,10°,-1°,-2°,58°,61°,504 W/m²,1016.1 mb,"0.00""","0.00""","0.00""",62° (02:49),52° (08:03),15 mph (10:23),2026-10-01T15:31:55.609339
Pekin 2NE,ND-NE,01 Oct 10:30 CDT,53°,NW,18 mph,25 mph,49 %,34°,44°,9°,0°,-1°,53°,54°,392 W/m²,1020.8 mb,"0.00""","0.00""","0.00""",53° (10:11),40° (06:10),30 mph (10:22),2026-10-01T15:31:55.609339
Perham 2NW,MN-WC,01 Oct 10:30 CDT,54°,NW,10 mph,14 mph,54 %,37°,46°,8°,---,-2°,59°,59°,477 W/m²,1019.1 mb,"0.00""","0.00""","0.00""",58° (01:00),46° (07:17),18 mph (10:10),2026-10-01T15:31:55.609339
Perley 6E,MN-NW,01 Oct 10:30 CDT,55°,NW,14 mph,17 mph,50 %,37°,46°,9°,---,-1°,54°,59°,445 W/m²,---,"0.00""","0.00""","0.00""",55° (10:17),42° (05:43),18 mph (10:19),2026-10-01T15:31:55.609339
Perth 7E,ND-NE,01 Oct 10:30 CDT,49°,WNW,11 mph,14 mph,65 %,37°,43°,5°,0°,-2°,45°,52°,422 W/m²,1020.7 mb,"0.00""","0.00""","0.00""",49° (10:29),36° (06:47),16 mph (08:24),2026-10-01T15:31:55.609339
Peterson 3N,MN-SE,01 Oct 10:30 CDT,66°,NNW,3 mph,7 mph,96 %,65°,65°,1°,0°,0°,64°,64°,84 W/m²,1012.3 mb,"0.00""","0.11""","0.00""",67° (02:09),64° (07:58),12 mph (10:22),2026-10-01T15:31:55.609339
Pick City 8SW,ND-WC,01 Oct 10:30 CDT,52°,WNW,8 mph,11 mph,63 %,40°,46°,6°,-1°,-2°,49°,55°,411 W/m²,1024.5 mb,"0.00""","0.00""","0.00""",52° (10:30),37° (07:13),12 mph (10:14),2026-10-01T15:31:55.609339
Pickardville 6SW,ND-C,01 Oct 10:30 CDT,52°,NW,10 mph,15 mph,51 %,35°,44°,8°,-1°,-3°,46°,52°,402 W/m²,1023.6 mb,"0.00""","0.00""","0.00""",52° (10:29),31° (06:49),15 mph (10:27),2026-10-01T15:31:55.609339
Pillsbury 1N,ND-EC,01 Oct 10:30 CDT,55°,WNW,10 mph,17 mph,48 %,35°,45°,9°,---,-1°,52°,57°,445 W/m²,---,"0.00""","0.00""","0.00""",55° (10:25),42° (07:53),18 mph (10:20),2026-10-01T15:31:55.609339
Pine Island 5SW,MN-SE,01 Oct 10:30 CDT,58°,N,14 mph,21 mph,78 %,52°,55°,4°,1°,0°,63°,64°,190 W/m²,1015.3 mb,"0.00""","0.04""","0.00""",66° (05:54),58° (09:42),22 mph (10:22),2026-10-01T15:31:55.609339
Pine Point 2N,MN-NW,01 Oct 10:30 CDT,53°,NW,10 mph,16 mph,54 %,37°,45°,8°,---,-2°,57°,57°,472 W/m²,---,"0.00""","0.00""","0.00""",55° (01:04),43° (06:04),16 mph (10:29),2026-10-01T15:31:55.609339
Pioneer,ND-NW,01 Oct 10:30 CDT,50°,NW,7 mph,11 mph,47 %,31°,42°,9°,---,-3°,46°,49°,369 W/m²,---,"0.00""","0.00""","0.00""",50° (10:25),32° (06:57),11 mph (10:05),2026-10-01T15:31:55.609339
Plaza 10S,ND-NW,01 Oct 10:30 CDT,50°,WNW,11 mph,13 mph,62 %,37°,44°,6°,---,-2°,46°,54°,364 W/m²,---,"0.00""","0.00""","0.00""",50° (10:30),34° (07:51),13 mph (10:15),2026-10-01T15:31:55.609339
Poker Jim,ND-WC,01 Oct 10:30 CDT,47°,ESE,1 mph,2 mph,71 %,38°,43°,4°,0°,-1°,49°,53°,441 W/m²,1025.9 mb,"0.00""","0.00""","0.00""",48° (10:30),29° (07:37),4 mph (07:49),2026-10-01T15:31:55.609339
Portal 1SE,ND-NW,01 Oct 10:30 CDT,46°,W,8 mph,12 mph,68 %,36°,41°,5°,---,-1°,45°,53°,404 W/m²,1024.8 mb,"0.00""","0.00""","0.00""",46° (10:30),34° (08:06),16 mph (09:47),2026-10-01T15:31:55.609339
Powers Lake 6SE,ND-NW,01 Oct 10:30 CDT,46°,WNW,7 mph,11 mph,61 %,33°,40°,6°,-1°,-3°,42°,48°,367 W/m²,1026.3 mb,"0.00""","0.00""","0.00""",46° (10:25),29° (08:08),11 mph (10:23),2026-10-01T15:31:55.609339
Pretty Rock 2E,ND-SC,01 Oct 10:30 CDT,52°,NNW,6 mph,9 mph,48 %,33°,43°,9°,-1°,-1°,55°,57°,305 W/m²,1026.4 mb,"0.00""","0.00""","0.00""",53° (10:06),42° (06:34),14 mph (09:57),2026-10-01T15:31:55.609339
Prosper 5NW,ND-EC,01 Oct 10:30 CDT,56°,NW,10 mph,16 mph,49 %,37°,47°,9°,0°,-1°,54°,59°,463 W/m²,1020.2 mb,"0.00""","0.00""","0.00""",56° (10:30),44° (07:02),21 mph (10:11),2026-10-01T15:31:55.609339
Pyramid Park,ND-SW,01 Oct 10:30 CDT,50°,N,0 mph,0 mph,52 %,33°,42°,8°,-1°,-2°,52°,52°,288 W/m²,1027.7 mb,"0.00""","0.00""","0.00""",50° (10:28),32° (07:06),4 mph (10:09),2026-10-01T15:31:55.609339
Rat Lake 4NW,ND-NW,01 Oct 10:30 CDT,44°,W,5 mph,7 mph,67 %,33°,39°,5°,---,-3°,43°,52°,316 W/m²,---,"0.00""","0.00""","0.00""",44° (10:30),33° (07:17),10 mph (09:42),2026-10-01T15:31:55.609339
Ray 4N,ND-NW,01 Oct 10:30 CDT,46°,NW,8 mph,10 mph,58 %,32°,40°,6°,-1°,-4°,43°,48°,360 W/m²,1026.0 mb,"0.00""","0.00""","0.00""",47° (10:30),28° (07:00),13 mph (10:17),2026-10-01T15:31:55.609339
Redstone 5E,MT-NE,01 Oct 10:30 CDT,45°,NW,5 mph,8 mph,54 %,30°,38°,7°,-1°,-2°,49°,46°,348 W/m²,1027.6 mb,"0.01""","0.00""","0.00""",45° (10:30),33° (06:00),10 mph (01:33),2026-10-01T15:31:55.609339
Rice 4NW,MN-C,01 Oct 10:30 CDT,56°,NW,8 mph,12 mph,58 %,41°,48°,7°,---,0°,61°,59°,218 W/m²,---,"0.00""","0.00""","0.00""",60° (02:38),51° (07:30),15 mph (02:51),2026-10-01T15:31:55.609339
Robinson 3NNW,ND-C,01 Oct 10:30 CDT,53°,NW,12 mph,18 mph,48 %,34°,44°,9°,-1°,-2°,51°,55°,427 W/m²,1022.6 mb,"0.00""","0.00""","0.00""",53° (10:30),38° (06:55),21 mph (07:22),2026-10-01T15:31:55.609339
Rolla 2S,ND-NC,01 Oct 10:30 CDT,49°,W,7 mph,15 mph,56 %,34°,42°,7°,---,-2°,52°,53°,389 W/m²,---,"0.00""","0.00""","0.00""",49° (10:30),34° (05:55),19 mph (10:04),2026-10-01T15:31:55.609339
Rollag 3E,MN-NW,01 Oct 10:30 CDT,55°,NNW,12 mph,19 mph,51 %,37°,46°,9°,-1°,-3°,54°,58°,444 W/m²,1019.4 mb,"0.00""","0.00""","0.00""",57° (01:01),44° (07:39),21 mph (01:54),2026-10-01T15:31:55.609339
Roseau 11S,MN-NW,01 Oct 10:30 CDT,49°,NW,19 mph,24 mph,56 %,34°,42°,7°,---,-1°,50°,54°,456 W/m²,---,"0.00""","0.00""","0.00""",50° (10:25),40° (02:51),26 mph (10:09),2026-10-01T15:31:55.609339
Ross 4E,ND-NW,01 Oct 10:30 CDT,45°,W,9 mph,12 mph,61 %,33°,40°,6°,---,-2°,45°,50°,396 W/m²,---,"0.00""","0.00""","0.00""",46° (10:27),29° (07:43),13 mph (09:40),2026-10-01T15:31:55.609339
Rothsay 2W,MN-WC,01 Oct 10:30 CDT,55°,NNW,11 mph,14 mph,53 %,38°,46°,8°,-1°,-1°,56°,60°,465 W/m²,1019.9 mb,"0.00""","0.00""","0.00""",57° (01:11),42° (07:18),17 mph (10:12),2026-10-01T15:31:55.609339
Rugby 3W,ND-NC,01 Oct 10:30 CDT,49°,NW,15 mph,19 mph,61 %,36°,43°,6°,---,-1°,47°,54°,423 W/m²,1022.1 mb,"0.00""","0.00""","0.00""",49° (10:29),35° (06:22),21 mph (10:20),2026-10-01T15:31:55.609339
Ryder 9NE,ND-NW,01 Oct 10:30 CDT,49°,NW,9 mph,13 mph,59 %,35°,43°,7°,---,-1°,46°,55°,377 W/m²,---,"0.00""","0.00""","0.00""",49° (10:30),35° (07:57),15 mph (10:17),2026-10-01T15:31:55.609339
Sabin 2NE,MN-NW,01 Oct 10:30 CDT,57°,NNW,8 mph,15 mph,50 %,38°,48°,9°,---,-1°,59°,60°,466 W/m²,---,"0.01""","0.00""","0.00""",57° (10:30),43° (06:17),17 mph (09:21),2026-10-01T15:31:55.609339
Sanger 1S,ND-WC,01 Oct 10:30 CDT,55°,WNW,6 mph,12 mph,47 %,35°,45°,10°,-1°,-2°,51°,53°,393 W/m²,1023.3 mb,"0.00""","0.00""","0.00""",55° (10:27),41° (05:19),15 mph (01:03),2026-10-01T15:31:55.609339
Sawyer 7S,ND-NW,01 Oct 10:30 CDT,52°,WNW,11 mph,15 mph,46 %,32°,43°,9°,0°,-1°,49°,55°,387 W/m²,1024.4 mb,"0.00""","0.00""","0.00""",52° (10:29),38° (08:09),16 mph (10:17),2026-10-01T15:31:55.609339
Schafer 2W,ND-WC,01 Oct 10:30 CDT,48°,WNW,6 mph,10 mph,54 %,32°,41°,7°,---,-1°,50°,51°,332 W/m²,1026.0 mb,"0.00""","0.00""","0.00""",48° (10:27),36° (07:20),10 mph (10:25),2026-10-01T15:31:55.609339
Sentinel Butte 10N,ND-SW,01 Oct 10:30 CDT,53°,WNW,5 mph,7 mph,46 %,33°,43°,10°,-1°,-3°,51°,53°,364 W/m²,1027.7 mb,"0.00""","0.00""","0.00""",53° (10:30),40° (07:53),9 mph (09:43),2026-10-01T15:31:55.609339
Shell Lake 2SE,ND-NW,01 Oct 10:30 CDT,48°,NW,10 mph,12 mph,55 %,33°,41°,7°,-1°,-2°,48°,54°,390 W/m²,1025.4 mb,"0.00""","0.00""","0.00""",48° (10:30),39° (08:16),16 mph (10:03),2026-10-01T15:31:55.609339
Shields 2N,ND-SC,01 Oct 10:30 CDT,55°,NNE,10 mph,12 mph,47 %,35°,45°,10°,-2°,-3°,52°,57°,373 W/m²,1024.4 mb,"0.00""","0.00""","0.00""",55° (10:30),38° (08:25),12 mph (10:28),2026-10-01T15:31:55.609339
Sidney 1NW,MT-NE,01 Oct 10:30 CDT,45°,S,2 mph,3 mph,66 %,34°,40°,5°,---,-1°,50°,54°,178 W/m²,1025.8 mb,"0.00""","0.00""","0.00""",45° (10:30),33° (08:04),6 mph (02:46),2026-10-01T15:31:55.609339
Skogmo 3N,ND-C,01 Oct 10:30 CDT,52°,NW,11 mph,17 mph,50 %,34°,43°,9°,-1°,-4°,51°,54°,393 W/m²,1023.9 mb,"0.00""","0.00""","0.00""",52° (10:30),40° (07:52),17 mph (10:25),2026-10-01T15:31:55.609339
Sonora 1E,ND-SE,01 Oct 10:30 CDT,60°,NNW,9 mph,14 mph,41 %,36°,48°,12°,-1°,-1°,55°,59°,458 W/m²,1020.0 mb,"0.00""","0.00""","0.00""",60° (10:27),44° (07:29),17 mph (09:50),2026-10-01T15:31:55.609339
St. Anthony 8SW,ND-SC,01 Oct 10:30 CDT,55°,NNW,10 mph,13 mph,44 %,33°,44°,10°,-1°,-2°,54°,55°,394 W/m²,1024.3 mb,"0.00""","0.00""","0.00""",55° (10:26),36° (07:07),14 mph (10:19),2026-10-01T15:31:55.609339
St. Gertrude 12S,ND-SC,01 Oct 10:30 CDT,54°,NW,5 mph,8 mph,52 %,37°,46°,8°,-1°,-2°,54°,56°,535 W/m²,1024.7 mb,"0.00""","0.00""","0.00""",54° (10:30),37° (07:22),11 mph (01:22),2026-10-01T15:31:55.609339
St. Peter 1W,MN-SC,01 Oct 10:30 CDT,59°,N,6 mph,9 mph,56 %,43°,51°,8°,0°,0°,63°,64°,227 W/m²,1016.3 mb,"0.01""","0.00""","0.00""",66° (04:47),58° (09:00),17 mph (07:51),2026-10-01T15:31:55.609339
St. Thomas 2WSW,ND-NE,01 Oct 10:30 CDT,52°,WNW,19 mph,24 mph,58 %,37°,45°,7°,---,-2°,57°,55°,427 W/m²,---,"0.00""","0.00""","0.00""",52° (10:30),44° (07:05),28 mph (10:05),2026-10-01T15:31:55.609339
Stanley 8SW,ND-NW,01 Oct 10:30 CDT,46°,WNW,9 mph,14 mph,59 %,33°,40°,6°,-1°,-2°,45°,50°,286 W/m²,1026.2 mb,"0.00""","0.00""","0.00""",47° (10:23),34° (07:21),15 mph (10:11),2026-10-01T15:31:55.609339
Staples 2N,MN-C,01 Oct 10:30 CDT,58°,NNW,8 mph,14 mph,46 %,37°,47°,10°,---,-1°,55°,58°,517 W/m²,---,"0.00""","0.00""","0.00""",58° (01:00),45° (07:50),15 mph (10:16),2026-10-01T15:31:55.609339
Steele 5NW,ND-C,01 Oct 10:30 CDT,54°,NNW,10 mph,16 mph,44 %,32°,44°,10°,-1°,-1°,47°,55°,408 W/m²,1023.7 mb,"0.00""","0.00""","0.00""",54° (10:23),35° (07:59),16 mph (10:26),2026-10-01T15:31:55.609339
Stephen 1NE,MN-NW,01 Oct 10:30 CDT,51°,NW,23 mph,30 mph,54 %,35°,44°,8°,---,-1°,51°,57°,439 W/m²,---,"0.00""","0.00""","0.00""",52° (10:28),42° (06:57),31 mph (10:08),2026-10-01T15:31:55.609339
Stirum 3W,ND-SE,01 Oct 10:30 CDT,56°,NNW,11 mph,14 mph,49 %,37°,47°,9°,---,-1°,53°,58°,439 W/m²,---,"0.00""","0.00""","0.00""",58° (01:00),41° (08:28),15 mph (01:36),2026-10-01T15:31:55.609339
Strasburg 15W,ND-SC,01 Oct 10:30 CDT,53°,NW,7 mph,11 mph,56 %,38°,46°,8°,-1°,-2°,55°,55°,424 W/m²,1024.3 mb,"0.00""","0.00""","0.00""",53° (10:30),37° (07:24),13 mph (01:42),2026-10-01T15:31:55.609339
Streeter 6NW,ND-C,01 Oct 10:30 CDT,51°,NNW,13 mph,17 mph,56 %,36°,44°,7°,0°,-2°,51°,56°,449 W/m²,1023.4 mb,"0.00""","0.00""","0.00""",52° (10:30),40° (07:46),17 mph (10:30),2026-10-01T15:31:55.609339
Sully Springs,ND-SW,01 Oct 10:30 CDT,52°,NW,6 mph,9 mph,41 %,29°,42°,10°,---,-2°,48°,54°,312 W/m²,1027.0 mb,"0.00""","0.00""","0.00""",52° (10:30),30° (07:34),9 mph (10:26),2026-10-01T15:31:55.609339
Sunny Slope 3W,ND-SW,01 Oct 10:30 CDT,52°,SSE,1 mph,2 mph,57 %,37°,45°,7°,---,-1°,54°,57°,192 W/m²,---,"0.00""","0.00""","0.00""",53° (01:00),44° (08:23),9 mph (01:41),2026-10-01T15:31:55.609339
Tappen 3E,ND-C,01 Oct 10:30 CDT,52°,NNW,7 mph,13 mph,53 %,36°,44°,8°,0°,-2°,51°,54°,418 W/m²,1023.7 mb,"0.00""","0.00""","0.00""",52° (10:26),38° (07:19),13 mph (10:27),2026-10-01T15:31:55.609339
Taylor 6NW,ND-SW,01 Oct 10:30 CDT,51°,W,2 mph,5 mph,50 %,34°,43°,8°,-1°,-2°,51°,52°,410 W/m²,1025.6 mb,"0.00""","0.00""","0.00""",52° (10:30),30° (07:21),7 mph (09:44),2026-10-01T15:31:55.609339
Tioga 7NW,ND-NW,01 Oct 10:30 CDT,47°,WSW,5 mph,8 mph,59 %,33°,40°,6°,---,-4°,39°,45°,396 W/m²,---,"0.00""","0.00""","0.00""",47° (10:30),26° (07:41),8 mph (10:20),2026-10-01T15:31:55.609339
Trail 3N,MN-NW,01 Oct 10:30 CDT,51°,NW,15 mph,21 mph,54 %,35°,44°,8°,1°,-1°,56°,54°,461 W/m²,1017.3 mb,"0.00""","0.00""","0.00""",51° (10:20),43° (07:51),23 mph (09:57),2026-10-01T15:31:55.609339
Turtle Lake 4N,ND-WC,01 Oct 10:30 CDT,50°,WNW,9 mph,12 mph,58 %,36°,43°,7°,0°,-2°,45°,53°,395 W/m²,1023.8 mb,"0.00""","0.00""","0.00""",50° (10:30),34° (07:43),12 mph (10:27),2026-10-01T15:31:55.609339
Ulen 7ESE,MN-NW,01 Oct 10:30 CDT,55°,NNW,6 mph,15 mph,48 %,36°,45°,9°,---,-1°,60°,57°,460 W/m²,1019.4 mb,"0.01""","0.00""","0.00""",55° (10:27),41° (06:06),15 mph (10:29),2026-10-01T15:31:55.609339
Underwood 1NW,MN-WC,01 Oct 10:30 CDT,55°,NNW,12 mph,18 mph,58 %,41°,48°,7°,0°,-2°,55°,58°,464 W/m²,1019.3 mb,"0.00""","0.00""","0.00""",60° (01:00),47° (07:42),20 mph (01:01),2026-10-01T15:31:55.609339
Vernon Center 1NE,MN-SC,01 Oct 10:30 CDT,60°,N,6 mph,13 mph,56 %,44°,51°,8°,0°,0°,62°,63°,181 W/m²,1016.1 mb,"0.00""","0.00""","0.00""",66° (03:54),59° (09:47),18 mph (07:49),2026-10-01T15:31:55.609339
Viking 1SW,MN-NW,01 Oct 10:30 CDT,51°,NW,14 mph,19 mph,57 %,37°,44°,7°,-1°,-1°,52°,55°,436 W/m²,1017.4 mb,"0.00""","0.00""","0.00""",52° (10:28),41° (07:48),25 mph (10:23),2026-10-01T15:31:55.609339
Wadena 4W,MN-WC,01 Oct 10:30 CDT,56°,NW,9 mph,14 mph,53 %,40°,48°,9°,---,-1°,57°,57°,500 W/m²,---,"0.00""","0.00""","0.00""",58° (01:06),44° (07:33),18 mph (10:01),2026-10-01T15:31:55.609339
Wahpeton 6N,ND-SE,01 Oct 10:30 CDT,58°,NW,13 mph,18 mph,46 %,38°,48°,10°,---,-2°,56°,58°,476 W/m²,1019.9 mb,"0.00""","0.00""","0.00""",59° (10:30),43° (06:37),18 mph (10:28),2026-10-01T15:31:55.609339
Wales 1W,ND-NE,01 Oct 10:30 CDT,48°,WNW,13 mph,21 mph,61 %,35°,42°,6°,---,-1°,46°,54°,413 W/m²,---,"0.00""","0.00""","0.00""",48° (10:22),36° (07:40),25 mph (10:12),2026-10-01T15:31:55.609339
Warren 6SW,MN-NW,01 Oct 10:30 CDT,52°,NW,16 mph,24 mph,59 %,38°,45°,7°,---,-1°,54°,55°,407 W/m²,---,"0.02""","0.00""","0.00""",52° (10:27),41° (07:35),24 mph (09:43),2026-10-01T15:31:55.609339
Waseca 1SW,MN-SC,01 Oct 10:30 CDT,59°,N,9 mph,14 mph,62 %,46°,52°,7°,0°,0°,63°,64°,196 W/m²,1015.5 mb,"0.00""","0.06""","0.00""",65° (04:14),59° (10:20),18 mph (10:15),2026-10-01T15:31:55.609339
Watford City 3SW,ND-WC,01 Oct 10:30 CDT,51°,WNW,6 mph,9 mph,51 %,34°,43°,8°,-1°,-1°,48°,52°,366 W/m²,1025.7 mb,"0.00""","0.00""","0.00""",51° (10:30),39° (07:44),13 mph (09:53),2026-10-01T15:31:55.609339
Waukon 3S,MN-NW,01 Oct 10:30 CDT,52°,NW,13 mph,21 mph,58 %,38°,45°,7°,---,-1°,53°,56°,444 W/m²,---,"0.01""","0.00""","0.00""",52° (10:30),41° (07:06),21 mph (10:25),2026-10-01T15:31:55.609339
Webster 1N,ND-NE,01 Oct 10:30 CDT,50°,NW,13 mph,19 mph,59 %,36°,43°,7°,-1°,-2°,49°,55°,431 W/m²,1021.1 mb,"0.00""","0.00""","0.00""",50° (10:27),41° (07:29),23 mph (09:29),2026-10-01T15:31:55.609339
Wells 3S,MN-SC,01 Oct 10:30 CDT,59°,N,9 mph,16 mph,77 %,52°,55°,4°,0°,0°,59°,59°,176 W/m²,1015.2 mb,"0.00""","0.17""","0.00""",66° (03:23),59° (10:30),17 mph (09:03),2026-10-01T15:31:55.609339
Werner 6N,ND-WC,01 Oct 10:30 CDT,53°,NW,9 mph,13 mph,42 %,31°,43°,10°,---,-2°,48°,54°,398 W/m²,1025.6 mb,"0.00""","0.00""","0.00""",53° (10:30),37° (06:33),13 mph (10:25),2026-10-01T15:31:55.609339
Westport,MN-WC,01 Oct 10:30 CDT,57°,NNW,1 mph,5 mph,50 %,39°,48°,9°,---,0°,58°,59°,482 W/m²,---,"0.01""","0.00""","0.00""",61° (01:12),48° (07:35),13 mph (02:20),2026-10-01T15:31:55.609339
Williams 6N,MN-NC,01 Oct 10:30 CDT,49°,WNW,12 mph,19 mph,66 %,39°,44°,5°,---,-1°,52°,53°,433 W/m²,---,"0.00""","0.00""","0.00""",50° (10:30),42° (04:02),22 mph (09:15),2026-10-01T15:31:55.609339
Williston 5SW,ND-NW,01 Oct 10:30 CDT,50°,E,2 mph,4 mph,53 %,33°,42°,8°,-1°,-3°,47°,51°,380 W/m²,1025.9 mb,"0.01""","0.00""","0.00""",50° (10:28),33° (08:02),13 mph (05:36),2026-10-01T15:31:55.609339
Willmar 2SW,MN-C,01 Oct 10:30 CDT,60°,NW,2 mph,6 mph,49 %,41°,50°,10°,0°,-1°,58°,61°,249 W/m²,1018.2 mb,"0.01""","0.00""","0.00""",63° (03:07),54° (08:08),13 mph (06:23),2026-10-01T15:31:55.609339
Willow City 4E,ND-NC,01 Oct 10:30 CDT,48°,WNW,12 mph,16 mph,71 %,39°,43°,4°,-1°,-2°,46°,52°,395 W/m²,1022.2 mb,"0.00""","0.00""","0.00""",48° (10:30),33° (07:51),16 mph (10:28),2026-10-01T15:31:55.609339
Windom 4SE,MN-SW,01 Oct 10:30 CDT,58°,NNE,11 mph,18 mph,56 %,42°,49°,8°,0°,0°,59°,62°,148 W/m²,1017.0 mb,"0.01""","0.00""","0.00""",64° (03:27),57° (09:26),21 mph (08:38),2026-10-01T15:31:55.609339
Wing 8N,ND-SC,01 Oct 10:30 CDT,50°,NW,9 mph,14 mph,56 %,35°,43°,7°,-1°,-2°,49°,55°,439 W/m²,1024.1 mb,"0.00""","0.00""","0.00""",50° (10:24),35° (07:53),14 mph (01:20),2026-10-01T15:31:55.609339
Wirch 7NW,ND-SE,01 Oct 10:30 CDT,55°,NNW,8 mph,13 mph,47 %,35°,45°,10°,-1°,-2°,51°,57°,471 W/m²,1023.2 mb,"0.00""","0.00""","0.00""",55° (10:27),41° (08:08),15 mph (02:48),2026-10-01T15:31:55.609339
Wishek 5W,ND-SE,01 Oct 10:30 CDT,52°,NNW,9 mph,12 mph,52 %,35°,44°,8°,-1°,-2°,53°,57°,419 W/m²,1024.6 mb,"0.00""","0.00""","0.00""",52° (10:30),41° (07:03),15 mph (01:01),2026-10-01T15:31:55.609339
Wolford 4E,ND-NC,01 Oct 10:30 CDT,47°,WNW,10 mph,15 mph,66 %,37°,42°,5°,-1°,-2°,48°,53°,422 W/m²,1022.0 mb,"0.00""","0.00""","0.00""",48° (10:30),38° (07:51),18 mph (09:46),2026-10-01T15:31:55.609339
Wolverton 2E,MN-WC,01 Oct 10:30 CDT,58°,NNW,12 mph,19 mph,45 %,37°,48°,11°,-1°,-1°,54°,60°,463 W/m²,1019.9 mb,"0.00""","0.00""","0.00""",58° (10:30),43° (05:53),19 mph (10:29),2026-10-01T15:31:55.609339
Woodworth 2NE,ND-C,01 Oct 10:30 CDT,52°,NNW,18 mph,24 mph,49 %,33°,43°,9°,0°,-1°,50°,55°,446 W/m²,1022.9 mb,"0.00""","0.00""","0.00""",52° (10:29),41° (07:52),25 mph (10:10),2026-10-01T15:31:55.609339
Ypsilanti 2E,ND-C,01 Oct 10:30 CDT,55°,NW,10 mph,15 mph,45 %,34°,45°,10°,-1°,-2°,56°,56°,430 W/m²,1021.9 mb,"0.00""","0.00""","0.00""",55° (10:21),44° (07:30),15 mph (10:27),2026-10-01T15:31:55.609339
Zap 11N,ND-WC,01 Oct 10:30 CDT,52°,WNW,7 mph,10 mph,54 %,35°,44°,8°,-1°,-3°,49°,55°,332 W/m²,1024.9 mb,"0.00""","0.00""","0.00""",52° (10:30),37° (07:50),12 mph (09:51),2026-10-01T15:31:55.609339
Zeeland 7NE,ND-SE,01 Oct 10:30 CDT,53°,NNW,7 mph,12 mph,50 %,35°,44°,9°,0°,-2°,50°,57°,394 W/m²,1023.8 mb,"0.00""","0.00""","0.00""",54° (10:30),37° (07:51),14 mph (10:05),2026-10-01T15:31:55.609339
