Station,Full,Latitude,Longitude,Date,Hour,Temperature,RH,WindDirDegrees,WindDirCompass,WindSpeed,WindSpeedMax,Rain1Hr,Rain24Hr,TempMax,TempMin,RHMax,RHMin
THPSN,Thompson Hydro,55.708,-97.891,"Oct 01, 2026",8,4.4,83,312,nw,5.5,8.0,0.00,NULL,NULL,NULL,NULL,NULL
WUSKW,Wuskatim,55.552578,-98.493045,"Oct 01, 2026",8,5.6,78,307,nw,7.6,11.8,0.00,NULL,NULL,NULL,NULL,NULL
PISEW,Pisew Falls,55.197016,-98.396943,"Oct 01, 2026",8,5.7,93,315,nw,4.3,12.0,0.00,2.30,5.7,4.9,96.0,93.0
MISSI,Missi Falls,57.322928,-98.135835,"Oct 01, 2026",8,3.8,84,318,nw,16.6,23.8,0.00,NULL,NULL,NULL,NULL,NULL
EWART,Ewart Lake,52.4,-95.83,"Oct 01, 2026",8,6.9,95,294,wnw,15.4,21.8,0.51,NULL,6.9,6.3,96.0,95.0
KIPPN,Kippans Mill,50.93,-100.04,"Oct 01, 2026",8,4.3,76,269,w,14.7,40.2,0.00,NULL,NULL,NULL,NULL,NULL
KEEYA,Keeyask,56.364,-95.239,"Oct 01, 2026",8,4.6,79,320,nw,15.6,20.1,0.00,NULL,NULL,NULL,NULL,NULL
JENPE,Jenpeg,54.520662,-98.045568,"Oct 01, 2026",8,5.9,93,346,nnw,7.2,13.8,0.00,NULL,NULL,NULL,NULL,NULL
HERMN,Hermon Lake,55.18,-96.81,"Oct 01, 2026",8,5.1,91,326,nw,12.3,22.3,0.00,NULL,5.2,4.4,98.0,91.0
HARGR,Hargrave Ridge,54.3,-99.828,"Oct 01, 2026",8,5.4,99,302,wnw,5.2,12.7,0.25,NULL,5.4,5.0,99.0,99.0
GYPSV,Gypsumville,51.769,-98.64,"Oct 01, 2026",8,7.3,66,303,wnw,17.7,31.8,0.00,NULL,7.3,7.2,69.0,66.0
GRNLK,Green Lake,50.1,-95.379,"Oct 01, 2026",8,6.8,81,248,wsw,12.8,20.8,0.00,NULL,6.8,5.5,87.0,80.0
GARLA,Garland,51.65,-100.47,"Oct 01, 2026",8,5.4,62,312,nw,11.8,35.4,0.00,NULL,5.4,4.9,66.0,62.0
FLNDL,Flanders Lake,50.435,-95.22,"Oct 01, 2026",8,7.3,82,289,wnw,4.8,17.1,0.00,NULL,7.3,6.8,84.0,80.0
FLCNL,Falcon Lake,49.7002,-95.32,"Oct 01, 2026",8,6.9,76,282,wnw,8.3,20.4,0.00,NULL,6.9,3.4,88.0,74.0
CRETN,Creighton,54.649,-102.084,"Oct 01, 2026",8,4.5,93,269,w,8.0,19.3,0.00,NULL,4.5,4.4,94.0,92.0
CRANP,Cranberry Portage,54.586176,-101.377607,"Oct 01, 2026",8,4.3,90,315,nw,10.0,22.0,0.25,NULL,4.3,4.2,93.0,89.0
CACHE,Cache Lake,51.621,-100.908,"Oct 01, 2026",8,2.2,79,250,wsw,8.2,31.5,0.00,NULL,2.2,1.7,81.0,79.0
BURNT,Burntwood,55.379,-100.489,"Oct 01, 2026",8,5.1,95,313,nw,9.5,20.5,0.00,NULL,5.1,4.9,97.0,94.0
BSSTT,Bissett,51.03,-95.702,"Oct 01, 2026",8,7.7,74,271,w,4.4,18.9,0.00,NULL,7.7,7.2,78.0,73.0
ATIKL,Atik Lake,54.232,-101.358,"Oct 01, 2026",8,4.5,95,294,wnw,6.3,21.7,0.00,NULL,4.5,4.4,95.0,94.0
ZHODA,,,,"Oct 01, 2026",9,8.6,67,292,wnw,19.6,35.6,0.00,0.00,NULL,NULL,NULL,NULL
BIRCH,,,,"Oct 01, 2026",9,7.0,64,297,wnw,28.4,48.0,0.00,0.00,NULL,NULL,NULL,NULL
BEAUS,,,,"Oct 01, 2026",9,8.4,69,285,wnw,26.0,38.2,0.00,0.00,NULL,NULL,NULL,NULL
FISHR,,,,"Oct 01, 2026",9,7.7,68,290,wnw,21.5,36.1,0.00,0.00,NULL,NULL,NULL,NULL
GARYM,Gary's Meadow,52.785,-101.049,"Oct 01, 2026",9,5.7,67,297,wnw,10.9,33.1,0.00,NULL,5.7,4.7,72.0,67.0
GUNNL,Gunn Lake,50.85,-100.5,"Oct 01, 2026",9,5.8,59,297,wnw,14.2,28.2,0.00,NULL,NULL,NULL,NULL,NULL
HADAS,Hadashville,49.64,-95.95,"Oct 01, 2026",9,9.3,64,294,wnw,8.0,31.0,0.00,NULL,9.3,6.8,72.0,63.0
HARTM,Hart Mountain,52.481399,-101.4246137,"Oct 01, 2026",9,1.1,86,302,wnw,13.8,42.8,0.00,NULL,1.1,1.0,87.0,85.0
HOOK,Hooker Lake,51.54,-96.23,"Oct 01, 2026",9,8.4,76,276,w,11.0,31.4,0.00,NULL,8.4,7.9,80.0,76.0
KETTL,,,,"Oct 01, 2026",9,7.4,61,285,wnw,7.8,27.6,0.00,NULL,7.5,5.0,71.0,61.0
ETHEL,,,,"Oct 01, 2026",9,6.2,64,310,nw,18.7,39.6,0.00,0.00,NULL,NULL,NULL,NULL
ELMA,,,,"Oct 01, 2026",9,9.2,69,281,w,17.5,31.0,0.00,0.00,NULL,NULL,NULL,NULL
ECZKD,Kelsey Dam,56.037011,-96.511219,"Oct 01, 2026",9,4.4,89,324,nw,14.0,21.0,0.00,10.60,4.5,3.7,92.0,89.0
ECZHB,Hudson Bay,52.83,-101.999,"Oct 01, 2026",9,5.5,72,288,wnw,23.0,34.0,0.00,0.00,5.5,3.7,79.0,72.0
ECYYL,Lynn Lake,56.864,-101.076,"Oct 01, 2026",9,4.6,83,315,nw,15.0,NULL,0.00,6.10,4.6,4.4,NULL,NULL
ECYNE,,,,"Oct 01, 2026",9,6.5,93,341,nnw,8.0,NULL,0.00,0.90,6.5,5.8,NULL,NULL
ECYIV,Island Lake,53.857919,-94.652869,"Oct 01, 2026",9,6.3,91,360,n,18.0,35.0,NULL,NULL,6.5,6.1,NULL,NULL
ECXWG,,,,"Oct 01, 2026",9,9.1,62,276,w,27.0,36.0,0.00,0.00,9.4,7.4,70.0,62.0
ECXMD,,,,"Oct 01, 2026",9,9.7,55,297,wnw,25.0,45.0,0.00,0.00,9.7,8.2,64.0,55.0
ECXDW,,,,"Oct 01, 2026",9,8.8,57,289,wnw,36.0,57.0,0.00,0.00,8.9,7.4,67.0,56.0
ECXBQ,Tadoule Lake,58.7061,-98.5122,"Oct 01, 2026",9,3.8,79,283,wnw,18.0,32.0,0.00,0.20,3.8,3.3,89.0,78.0
ECWZT,,,,"Oct 01, 2026",9,7.5,60,282,wnw,23.0,43.0,0.00,0.00,7.5,6.2,66.0,59.0
ECWZE,,,,"Oct 01, 2026",9,7.8,65,275,w,25.0,35.0,0.00,0.00,7.8,5.4,76.0,65.0
ECWXB,,,,"Oct 01, 2026",9,5.4,75,281,w,22.0,36.0,0.00,0.00,5.4,3.4,81.0,74.0
ECWWS,George Island,52.818739,-97.616445,"Oct 01, 2026",9,9.4,94,307,nw,45.0,56.0,2.20,9.40,9.9,9.2,96.0,92.0
ECWWP,,,,"Oct 01, 2026",9,6.2,62,304,nw,17.0,35.0,0.00,0.20,6.2,5.0,70.0,61.0
ECWWC,Collins Bay,58.178,-103.699,"Oct 01, 2026",9,2.4,92,318,nw,16.0,26.0,0.00,4.80,2.4,1.8,96.0,92.0
ECWSZ,Fisher Branch,51.083421,-97.554481,"Oct 01, 2026",9,8.1,65,291,wnw,18.0,34.0,0.00,0.00,8.1,7.9,68.0,65.0
ECWSU,,,,"Oct 01, 2026",9,9.4,61,291,wnw,23.0,40.0,0.00,0.00,9.4,7.9,67.0,60.0
ECWPO,,,,"Oct 01, 2026",9,8.0,62,297,wnw,30.0,45.0,0.00,0.00,8.0,6.8,70.0,62.0
ECWOO,Wilson Creek,50.72,-99.531,"Oct 01, 2026",9,8.3,55,307,nw,25.0,43.0,0.00,0.00,8.3,6.8,60.0,54.0
ECWOJ,,,,"Oct 01, 2026",9,8.6,70,309,nw,40.0,54.0,0.00,0.00,8.9,8.5,76.0,68.0
ECWNK,Carman,49.501,-98.028,"Oct 01, 2026",9,9.0,61,281,w,31.0,48.0,0.00,0.00,9.0,8.0,65.0,60.0
ECWJH,Southend,56.33,-103.28,"Oct 01, 2026",9,3.6,90,299,wnw,7.0,18.0,0.20,6.40,3.6,3.0,93.0,90.0
ECWJD,,,,"Oct 01, 2026",9,7.0,83,296,wnw,12.0,35.0,0.00,1.00,7.0,6.3,86.0,83.0
ECWGX,Gillam,56.35936,-94.70411,"Oct 01, 2026",9,5.9,82,318,nw,31.0,39.0,0.00,15.40,6.0,5.5,86.0,80.0
ECWGN,,,,"Oct 01, 2026",9,10.2,58,298,wnw,31.0,42.0,0.00,0.00,10.3,8.8,62.0,58.0
ECWFO,Bakers Narrows,54.67,-101.67,"Oct 01, 2026",9,4.4,91,322,nw,19.0,29.0,0.40,2.00,4.5,4.3,94.0,90.0
ECWEQ,,,,"Oct 01, 2026",9,6.1,63,289,wnw,33.0,49.0,0.00,0.00,6.5,5.4,66.0,62.0
ECWEI,,,,"Oct 01, 2026",9,8.2,66,286,wnw,10.0,22.0,0.00,0.00,8.2,4.2,78.0,65.0
ECWEA,Pinawa,50.177,-96.06,"Oct 01, 2026",9,8.3,69,279,w,17.0,32.0,0.00,0.00,8.4,8.1,72.0,69.0
ECWCF,,,,"Oct 01, 2026",9,7.6,96,356,n,12.0,61.0,2.20,3.00,9.1,7.6,96.0,87.0
ECPYQ,,,,"Oct 01, 2026",9,4.6,82,329,nnw,34.0,51.0,0.00,2.00,4.7,4.1,91.0,82.0
ECPTO,Thompson,55.8,-97.861,"Oct 01, 2026",9,4.1,91,315,nw,17.0,27.0,0.00,6.60,4.2,3.5,94.0,89.0
ECPRJ,,,,"Oct 01, 2026",9,5.7,76,295,wnw,20.0,31.0,0.00,0.00,5.7,3.2,89.0,76.0
ECPQD,,,,"Oct 01, 2026",9,5.3,91,300,wnw,25.0,40.0,0.20,1.00,5.3,5.0,93.0,88.0
ECPOY,Cypress River,49.562407,-99.073804,"Oct 01, 2026",9,7.6,67,283,wnw,28.0,39.0,0.00,0.00,7.6,6.2,75.0,66.0
ECPOW,Snow Lake,54.877882,-100.013308,"Oct 01, 2026",9,5.6,95,290,wnw,7.0,14.0,0.20,3.80,5.6,5.3,98.0,95.0
ECPLE,,,,"Oct 01, 2026",9,4.6,86,328,nnw,12.0,20.0,0.00,5.60,4.6,4.4,86.0,85.0
ECPIV,Island Lake,53.853,-94.644,"Oct 01, 2026",9,6.5,90,349,n,18.0,30.0,0.00,1.30,6.5,6.1,93.0,88.0
ECPGH,,,,"Oct 01, 2026",9,8.2,67,278,w,22.0,35.0,0.00,0.00,8.2,7.8,70.0,67.0
ECPGF,Great Falls,50.459013,-96.010316,"Oct 01, 2026",9,8.6,70,281,w,11.0,28.0,0.00,0.00,8.8,8.5,73.0,70.0
ECPBO,,,,"Oct 01, 2026",9,7.2,68,279,w,24.0,35.0,0.00,0.00,7.2,5.3,75.0,67.0
DEVIL,Devil's Lake,52.466,-98.88,"Oct 01, 2026",9,6.6,85,281,w,13.6,31.2,0.00,NULL,6.6,6.2,89.0,84.0
DEEPL,Deep Lake,50.86,-100.84,"Oct 01, 2026",9,5.6,71,293,wnw,7.6,25.3,0.00,NULL,NULL,NULL,NULL,NULL
MINIT,,,,"Oct 01, 2026",9,6.0,65,280,w,28.0,42.9,0.00,0.00,NULL,NULL,NULL,NULL
MENIS,,,,"Oct 01, 2026",9,8.3,67,292,wnw,28.8,51.7,0.00,0.00,NULL,NULL,NULL,NULL
MARCH,,,,"Oct 01, 2026",9,8.5,64,289,wnw,23.0,39.8,0.00,0.00,NULL,NULL,NULL,NULL
LONGP,Long Point,52.869,-99.037,"Oct 01, 2026",9,5.6,94,282,wnw,12.9,26.4,0.00,NULL,5.6,5.3,94.0,94.0
LKSTG,Lake St. George,51.72,-97.399,"Oct 01, 2026",9,8.3,72,292,wnw,7.2,20.8,0.00,NULL,8.3,7.6,78.0,71.0
LGRPD,Little Grand Rapids,52.036134,-95.461372,"Oct 01, 2026",9,7.8,96,254,wsw,13.1,31.8,0.25,NULL,7.9,7.5,96.0,95.0
LEAFR,Leaf Rapids,56.471,-99.997,"Oct 01, 2026",9,5.2,83,284,wnw,7.9,15.6,0.00,NULL,5.2,4.2,87.0,83.0
LDB,,,,"Oct 01, 2026",9,8.1,75,278,w,21.6,35.5,0.00,0.00,NULL,NULL,NULL,NULL
LAURI,Laurie River,56.247883,-101.308386,"Oct 01, 2026",9,4.6,90,279,w,10.3,NULL,0.20,NULL,NULL,NULL,NULL,NULL
KNOBH,Knob Hill South,50.718,-95.74,"Oct 01, 2026",9,8.3,64,298,wnw,15.7,33.9,0.00,NULL,8.6,7.7,68.0,64.0
OXFHS,Oxford House,54.948447,-95.265748,"Oct 01, 2026",9,5.5,90,324,nw,10.1,22.0,0.00,NULL,5.5,4.7,95.0,89.0
NOTIH,Notigi Hydro,55.86869,-99.323348,"Oct 01, 2026",9,4.8,80,302,wnw,9.2,12.7,0.00,NULL,NULL,NULL,NULL,NULL
NOTIG,Notigi,55.871,-99.311,"Oct 01, 2026",9,4.4,97,338,nnw,3.8,13.3,0.00,NULL,4.4,3.9,100.0,97.0
MOUNT,,,,"Oct 01, 2026",9,7.0,68,264,w,24.7,35.0,0.00,0.00,NULL,NULL,NULL,NULL
MOOSE,,,,"Oct 01, 2026",9,7.4,66,312,nw,22.3,38.1,0.00,0.00,NULL,NULL,NULL,NULL
WOODR,Woodridge,49.28,-96.15,"Oct 01, 2026",9,9.3,59,288,wnw,18.0,40.0,0.00,NULL,9.3,7.7,67.0,59.0
WILL,William River,53.962,-99.222,"Oct 01, 2026",9,5.5,94,346,nnw,9.0,23.0,0.76,NULL,5.9,5.5,95.0,94.0
WESTR,Westray,53.597,-101.351,"Oct 01, 2026",9,4.2,83,287,wnw,16.0,38.0,0.00,NULL,4.3,4.2,84.0,79.0
SWANV,,,,"Oct 01, 2026",9,6.1,67,286,wnw,18.5,33.0,0.00,0.00,NULL,NULL,NULL,NULL
STEAD,,,,"Oct 01, 2026",9,8.7,70,315,nw,25.7,40.3,0.00,0.00,NULL,NULL,NULL,NULL
SPRLK,,,,"Oct 01, 2026",9,7.6,69,297,wnw,20.0,36.0,0.00,0.00,NULL,NULL,NULL,NULL
SPIDE,,,,"Oct 01, 2026",9,0.3,91,308,nw,10.9,41.8,0.00,NULL,0.3,-0.1,92.0,90.0
SHILO,,,,"Oct 01, 2026",9,6.7,71,267,w,20.4,33.1,0.00,0.00,NULL,NULL,NULL,NULL
SHERR,Sherridon,55.123963,-101.087041,"Oct 01, 2026",9,5.1,94,302,wnw,7.3,17.5,0.25,NULL,5.3,5.1,95.0,92.0
SASSR,Sassaginnigak River,51.531,-95.382,"Oct 01, 2026",9,6.7,94,256,wsw,17.0,31.4,0.00,NULL,6.7,6.5,94.0,92.0
SARAH,Sarah Lake,51.789,-101.293,"Oct 01, 2026",9,3.9,99,293,wnw,9.7,24.6,0.00,NULL,3.9,2.3,100.0,99.0
ROUND,Round Lake,52.01,-96.4,"Oct 01, 2026",9,8.0,94,261,w,27.3,40.1,0.76,NULL,8.0,7.4,95.0,94.0
ROSBG,Rosenburg Forest,51.09695,-97.202553,"Oct 01, 2026",9,8.3,66,293,wnw,10.0,27.0,0.00,NULL,8.3,8.0,69.0,65.0
RIVTN,,,,"Oct 01, 2026",9,8.4,68,293,wnw,23.7,36.0,0.00,0.00,NULL,NULL,NULL,NULL
REEFL,Reef Lake,52.53,-96.57,"Oct 01, 2026",9,8.4,91,339,nnw,10.6,21.6,0.00,NULL,8.4,7.4,97.0,91.0
REED,Reed Lake,54.58,-100.623,"Oct 01, 2026",9,5.0,97,313,nw,5.7,19.7,0.76,NULL,5.0,4.9,97.0,96.0
PUKAT,Pukatawagan,55.742315,-101.316178,"Oct 01, 2026",9,4.5,94,317,nw,11.6,30.2,1.27,NULL,4.6,4.3,96.0,94.0
PROSP,Prospector,53.962548,-101.248189,"Oct 01, 2026",9,4.5,93,284,wnw,12.3,27.7,0.00,NULL,4.5,4.2,95.0,93.0
